galaxy,model,N,k,chi2,chi2nu,bic,aic,logpost_map,log_c_map,log_c_p16,log_c_med,log_c_p84,log_V200_map,log_V200_p16,log_V200_med,log_V200_p84,log_Yd_map,log_Yd_p16,log_Yd_med,log_Yd_p84,log_Yb_map,log_Yb_p16,log_Yb_med,log_Yb_p84,d_map,d_p16,d_med,d_p84,inc_map,inc_p16,inc_med,inc_p84,log_M200_p16,log_M200_med,log_M200_p84,log_M200_map
CamB,nfw,9,5,34.5433900941174,8.63584752352935,45.5295129807985,44.5433900941174,-18.88171294406903,1.8782085766048114e-13,0.04269852734217694,0.14435702055414187,0.3176759496587096,1.567034259658402,1.2008985829660694,1.4093817295489544,1.5961884260564945,-0.4276899174663057,-0.5150344286881626,-0.42693204682252883,-0.34140524712672177,-0.15490200045522207,-0.24079461949475964,-0.14352564088872416,-0.053061736082191585,0.9363374635046136,0.8617764895796354,0.9328774643252706,1.0113773260273873,60.15515522745723,55.20317858152079,60.34135117136774,65.43044044450295,9.105812534089814,9.731261973838471,10.29168206336109,10.204219564166813
CamB,lcdm,9,5,47.160130505857694,11.790032626464424,58.146253392538796,57.160130505857694,-32.20481342836109,0.9236286935310918,0.7712074595569226,0.8583971790852777,0.9378827242232839,1.0000000000000036,1.0168104853599915,1.0641766395965648,1.1525978964129266,-0.41128764328481043,-0.5211882536029828,-0.43393146907781865,-0.34986120015579525,-0.15490037286487407,-0.24722220881629509,-0.14501697900765578,-0.04749725702513483,0.8797069392504056,0.812759000914721,0.873404794799775,0.9431122088528117,55.81600881401326,51.534676878652526,54.81178644258917,59.43086479861796,8.553548241271582,8.6956467039813,8.960910474430387,8.503116785191617
CamB,mond,9,3,127.5212568491824,21.253542808197064,134.11293058119105,133.5212568491824,-91.10826778441393,,,,,,,,,-0.9070500659990582,-0.9674553042937631,-0.9176351886685421,-0.8671674606517682,-0.14746460738494593,-0.2566439982484764,-0.15743117991619532,-0.04907113193911609,0.7682575355478856,0.7688622821120108,0.7717983011983727,0.7791547713422069,50.00438914782478,50.04319141488178,50.16683408719482,50.43756027023565,,,,
D512-2,nfw,4,5,0.6164317534370636,0.6164317534370636,7.547903559036516,10.616431753437064,-0.31079527176335564,0.803014134093093,0.21431674259448108,0.6080962974887463,0.9636018850970672,1.601448696389891,1.4809867597855289,1.7640524363681533,2.1811270810010903,-0.2975498327359084,-0.38539753072392735,-0.29100132854647087,-0.1919768971199395,-0.15490195676246687,-0.2580273897531414,-0.15645969730832504,-0.05180747437748166,1.014827350416157,0.6954157221387689,1.0157789641837731,1.328356883557082,56.38792465140554,47.69320742972828,57.3170537207679,67.10195393282227,9.946077064548193,10.795274094296065,12.046498028194877,10.30746287436128
D512-2,lcdm,4,5,1.2259127756624988,1.2259127756624988,8.157384581261951,11.225912775662499,-0.8626259596492347,1.0847819334578461,0.944676551485157,1.0646512646137736,1.1855941831680363,1.4661872826343643,1.3374326258935394,1.4896832652993806,1.6684348335816779,-0.3024204518573613,-0.39178059324091596,-0.29370353758533746,-0.18895718209274814,-0.15490195685067376,-0.2455086488840804,-0.15117871369600722,-0.05119679400529123,0.8556395388431397,0.5784706330279895,0.8485950332487194,1.152206636148985,53.47283859609617,44.590043549105225,54.446396179194515,64.49095067556982,9.515414662872224,9.972166581089748,10.50842128593664,9.901678633094699
D512-2,mond,4,3,0.35097333586845814,0.35097333586845814,4.50985641922813,6.350973335868458,-0.4299123842992739,,,,,,,,,-0.3154245140562253,-0.41007656683418653,-0.31648346240513875,-0.22172179592906918,-0.15490196742034013,-0.2480793373561262,-0.1510771629506471,-0.05199953052145273,0.8334721882852415,0.6624375646087356,0.8471026455732971,1.0776875038534817,51.757320365421606,43.60717991617613,50.9800260586447,59.99070031138013,,,,
D564-8,nfw,6,5,3.725049463936052,3.725049463936052,12.683846810076327,13.725049463936053,-1.8806521427037186,2.404808714543083e-13,0.0647030248536855,0.2298491209340482,0.46247650024090786,1.9922845284726498,1.6237123355225176,1.8143482386174314,1.9623566718380299,-0.3164643794286552,-0.40205198798788017,-0.3133163341240899,-0.21968954330394047,-0.15490198213745582,-0.25886109520820383,-0.1655819176499571,-0.07104052604600726,0.9990607481612128,0.9643220356072446,0.997853218185442,1.0313063550109338,62.24726760589374,55.55700245012854,61.80603534442386,69.00087344526364,10.374253791759159,10.9461615010439,11.390186800705695,11.479970370609555
D564-8,lcdm,6,5,11.418049934654059,11.418049934654059,20.376847280794333,21.418049934654057,-10.20334593537125,0.8678544691105758,0.7648636823449799,0.8629258178279351,0.9567384088356718,1.3822383096994484,1.2899745421766369,1.381159257261095,1.482566054450768,-0.3305363487284697,-0.420773313782299,-0.3204598830063554,-0.226140629759148,-0.15490196515649313,-0.2529258370207559,-0.1547690134696811,-0.05333026255718413,0.9897966727788654,0.9583309557151443,0.9890354381178761,1.0189765955395322,53.73533615320592,47.1686642577354,54.52321324996039,62.0545843365483,9.373040411721517,9.646594556974891,9.950814948543911,9.649831714289952
D564-8,mond,6,3,8.159254345400841,2.719751448466947,13.534532753085006,14.159254345400841,-8.490694872261793,,,,,,,,,-0.39279736590072767,-0.5073346749428911,-0.4208747192446093,-0.3382653882097831,-0.1549019628748241,-0.2524301458326401,-0.1512890248604722,-0.05002725850002904,0.9888765978975625,0.9538379952459403,0.9848873652909712,1.0153942470319606,43.37742179637079,42.74584832086663,44.33117062975798,46.45749698392701,,,,
D631-7,nfw,16,5,65.81596159947091,5.983269236315537,79.67890521066981,75.81596159947091,-36.73907811627715,5.825053614574403e-13,0.024757300195868335,0.08854515275005284,0.20211773131515412,2.439142517107549,2.2735029081766287,2.361730192264084,2.422943058302205,-0.496570240922885,-0.5913057131188957,-0.5108191802937343,-0.4256202013682529,-0.15490197155132426,-0.2438339856678962,-0.1466564827278055,-0.04892330174697941,0.9862682728011394,0.9642313092579083,0.9857887917822956,1.008327902090974,53.39413470655296,51.37384228408671,53.57280623487776,56.364605705522386,12.323625509721492,12.588307361983858,12.771945960098222,12.820544336514253
D631-7,lcdm,16,5,71.83711037244042,6.530646397494584,85.70005398363932,81.83711037244042,-51.796374670021656,0.47184510073259883,0.38427210121073574,0.4632806128801662,0.531955012460199,2.0970844780933016,2.0067195921380985,2.072990704270969,2.148235960591535,-0.4933285461184968,-0.5780714335158667,-0.495668886262418,-0.42141566585198026,-0.1549019783260529,-0.24797513956233766,-0.14258362112903028,-0.04982085811314606,0.9782058532124241,0.9534899303106493,0.9766717984496529,1.0015121268874492,50.09196010698592,50.57714626031574,52.001426830241414,54.32254307545271,11.523275561605901,11.722088898004515,11.947824666966211,11.79437021947151
D631-7,mond,16,3,166.24700081444172,12.788230831880131,174.56476698116106,172.24700081444172,-95.90232284808242,,,,,,,,,-0.6790337589980675,-0.7793037007812251,-0.7079595709388399,-0.6348916673855871,-0.15488628767315055,-0.2516264741081441,-0.15708054330610466,-0.05566264121649295,0.9648784235266983,0.9440011762343276,0.9604303833059736,0.9780682752211227,50.00002791793392,50.13316195008139,50.4784488235112,51.094865121348356,,,,
DDO064,nfw,14,5,6.0512067712757736,0.6723563079195304,19.246493419352067,16.051206771275773,-3.16675242384738,2.0332039182318868e-12,0.11892121486636965,0.33424504838165164,0.6211606678709741,2.4649123034900042,1.8719587138767373,2.1650692558298505,2.413654048459613,-0.30260257740037166,-0.39396886805385095,-0.2918952829396858,-0.19713995399524215,-0.1549019512073899,-0.25790731899578345,-0.1620666947147372,-0.059242216156611384,1.149132384189562,0.8685841841102746,1.1773425209177477,1.4577672265216637,60.93453817230555,55.90257722939075,60.63761528444556,65.47426330085136,11.118992926821818,11.998324552681158,12.744078930570446,12.897853695661619
DDO064,lcdm,14,5,9.78365507191125,1.0870727857679165,22.978941719987542,19.783655071911248,-5.658395500881607,0.9312014229553685,0.7741832235524954,0.8996070890235948,1.0134347696125472,1.7405866534936925,1.5971012681350463,1.7633975533234045,1.994502904212518,-0.3072746186675257,-0.416601877245928,-0.3117522357265877,-0.2103811078593367,-0.15490196652169086,-0.25191936469389775,-0.15462489142885086,-0.06053573116198245,0.8266055968421304,0.572324063380271,0.8521963703657653,1.1432461052378324,59.70999749183476,54.702635488548424,60.30567905951337,65.24133380328416,10.294420589596745,10.793309445161821,11.48662549782916,10.724876745672685
DDO064,mond,14,3,3.726141932315936,0.33874017566508513,11.643313921161711,9.726141932315937,-1.9067763675849791,,,,,,,,,-0.30819952596892264,-0.3936879410542271,-0.30664591283754683,-0.21937049272495363,-0.1549019681556704,-0.25366575038349376,-0.1556577447195029,-0.059200567327498024,0.9178957314706995,0.8235254770673036,0.9258557384906747,1.0468381032089393,59.57077529098365,54.29990397092936,59.04570427941452,63.75296415090214,,,,
DDO154,nfw,12,5,95.49739497845647,13.642484996922352,107.92192822739648,105.49739497845647,-52.043775177831925,0.692433025065506,0.6555710423516977,0.6930159494181903,0.7302498830949086,1.7723997331588284,1.7527980795814322,1.7731737336266955,1.7953591531369948,-0.5671238876560425,-0.6481748149053956,-0.5710813979410072,-0.4938856694641569,-0.15490195937573698,-0.26085410075881477,-0.164710071984893,-0.06576126680695465,1.0439236215617074,0.9909240184631062,1.0408489139688033,1.087520210586817,66.54970736248612,63.91170665582084,66.68739417892677,69.45325870820763,10.761511023935903,10.822637986071694,10.88919424460259,10.820315984668092
DDO154,lcdm,12,5,97.32477347462455,13.903539067803507,109.74930672356456,107.32477347462455,-56.644503144297865,0.7254985417402582,0.6861856658213298,0.7244903678055421,0.7601970598352028,1.7629089560099143,1.7430952355625426,1.7663220135110531,1.7891989551306784,-0.5707427730495465,-0.6455371619736318,-0.5682602987951102,-0.49103338892022574,-0.15490196132932615,-0.25284679254881376,-0.15269087930068315,-0.047086793119743356,1.0146063923970066,0.9665429595518895,1.013344480141288,1.0633314503369224,65.31211901548559,62.38746098174435,65.31887340096002,68.29943027061934,10.732402491879235,10.802082825724765,10.870713650583642,10.791843653221349
DDO154,mond,12,3,31.025873702474968,3.4473193002749962,38.48059365183897,37.02587370247497,-24.085492017974623,,,,,,,,,-0.6947656474361059,-0.752862482439521,-0.6908642940014806,-0.632469212192845,-0.15490193705531108,-0.24761842509746163,-0.14981769330636527,-0.056492031064569105,0.9576759433180726,0.919342226105083,0.9557624301945277,0.9946854886840032,61.135979617211426,59.23233044274662,61.22275416821887,63.377075843798046,,,,
DDO161,nfw,31,5,26.610714590575373,1.0234890227144375,43.7806506130011,36.61071459057537,-14.678387377020368,0.30520474541101983,0.11394996157883128,0.29763259905935785,0.49063416372937363,1.9907454426686721,1.9363049425931873,1.996337861990617,2.059499349314737,-0.4654687971352218,-0.547768241709238,-0.46632823176206556,-0.380742007921338,-0.15490195555462008,-0.25011540317186914,-0.15309849607844084,-0.05381859400067063,1.0565558559180763,0.8879897615430313,1.0716516523252062,1.2375177918440337,70.80675964310845,62.23930898164689,70.60911810030925,79.17829536709525,11.312031612971168,11.492130371163457,11.681614833135818,11.475353113197624
DDO161,lcdm,31,5,32.356252512581094,1.2444712504838882,49.526188535006824,42.356252512581094,-18.93441437896056,0.874360641436869,0.7556904907187986,0.8486133443524799,0.9410569194576217,1.8564401250159925,1.8281457481354462,1.860756620411023,1.904213246260823,-0.3874668689595827,-0.49522550863787945,-0.40095517418564003,-0.31047344366246,-0.15490195358023232,-0.2635719958278402,-0.16055549386719264,-0.05929106660261313,0.4755651779276685,0.39614573029686195,0.5017413227246671,0.6288657627480242,67.82721862944481,59.94008687116552,69.10726290081838,79.10785508874065,10.987554029597945,11.085386646424675,11.215756523974076,11.072437160239584
DDO161,mond,31,3,39.786094953678514,1.4209319626313754,50.088056567133954,45.786094953678514,-25.698341458451118,,,,,,,,,-0.6183323514228318,-0.6889926565759097,-0.6186015178715893,-0.549100936988303,-0.15490195051501388,-0.25929014210464657,-0.16996094833710618,-0.06361322332764245,0.6465892271068613,0.5777874567820298,0.6545225310931038,0.8032455612052417,66.06628849809996,55.03058784493288,65.21550688557642,75.08070453093629,,,,
DDO168,nfw,10,5,71.35653819380529,14.271307638761058,82.86946365877552,81.35653819380529,-38.94149457406092,2.1863641982404943e-12,0.06050510102103608,0.1893200487162916,0.39094371756549917,2.7346782616080088,2.3622203122789722,2.5421901609176962,2.675398540880014,-0.35517472264982897,-0.44379887387039746,-0.3518412244578806,-0.2598174348752535,-0.15490207956348329,-0.2515480986773917,-0.15091168807309469,-0.055076340115738115,0.9666847818447009,0.9163807562901407,0.9616702508952124,1.0102490298630367,48.576655332363075,46.597186570330706,50.09808295345326,55.08170484282892,12.589777722028522,13.129687267944695,13.529312407831648,13.707151570015633
DDO168,lcdm,10,5,73.381836057858,14.676367211571598,84.89476152282822,83.381836057858,-44.88639165832177,0.6433596478797308,0.5346945073940486,0.6281176232090313,0.7094591249592381,2.2024698153673223,2.0771293367982016,2.1697646366275567,2.2717033402634534,-0.3544145132125781,-0.45805988667014275,-0.36477503795684674,-0.27328666142532176,-0.15490067265280946,-0.250061919337378,-0.1493585647446909,-0.04854436499473838,0.9465289539607606,0.892576424615962,0.9424212960234492,0.991372697735852,45.00000000040896,45.7388931028955,47.67237581406502,50.91973342374951,11.734504795586211,12.012410695074276,12.318226805981967,12.110526231293573
DDO168,mond,10,3,125.31552239140649,17.90221748448664,132.22327767038863,131.3155223914065,-64.52265650917617,,,,,,,,,-0.3409688488439291,-0.4370038477951519,-0.3409324207158515,-0.24854718493984865,-0.1549019622840878,-0.25283031278090884,-0.15129688517815404,-0.05103017724731848,0.9721407766120297,0.9218281424883837,0.9683110083899338,1.0160117954153938,52.17937116251922,50.154237954447005,52.254006934547384,54.57153321482322,,,,
DDO170,nfw,8,5,12.958459375942441,4.31948645864748,23.35566708434162,22.95845937594244,-6.481842378529762,0.7462296393035848,0.5749192558404541,0.7155946771647368,0.8621291117762566,1.73748336419008,1.7070531302121275,1.7418123435116284,1.7773388085431383,-0.3075408178470532,-0.39515033844016867,-0.3011759028262457,-0.2009956183478964,-0.15490197204909667,-0.25485646200135936,-0.1571025895522316,-0.060301102558336234,1.008851778511206,0.801899352966265,1.0709654992991928,1.3516009072251094,66.0752950008073,59.52082140925659,65.8043947596376,72.92259621359973,10.624276175827989,10.728553815726492,10.835133210821022,10.715566877761846
DDO170,lcdm,8,5,13.569695315105413,4.523231771701805,23.966903023504592,23.569695315105413,-7.909169294559973,0.953984066052028,0.8376420116941493,0.9250586617636787,1.0181199356031279,1.718330918469442,1.6879107782377885,1.7185509991361518,1.7532907065178545,-0.3129340277143936,-0.4091988371555675,-0.3124245322774256,-0.21023890945619075,-0.15490195760848874,-0.26105511712925655,-0.15821583804561826,-0.055664423872302415,0.6573595418284723,0.5412351476180025,0.6985408648289981,0.8645593256251047,64.68495323270963,59.10142574222051,65.98127802313489,73.09656366405063,10.566849119904973,10.65876978260006,10.76298890474517,10.658109540599932
DDO170,mond,8,3,24.106898801929646,4.821379760385929,30.345223426969152,30.106898801929646,-15.16293128293681,,,,,,,,,-0.08981452599099037,-0.17476479856332547,-0.10177032532243889,-0.020295897678250296,-0.15490196079910656,-0.2570427075109271,-0.1582116088420331,-0.05819855741950286,0.6137899315536537,0.5587777515092475,0.6345021783820965,0.7359137241249546,63.781399950853945,55.188886536002016,62.242293982878266,69.71931692687373,,,,
ESO079-G014,nfw,15,5,46.67147825307822,4.667147825307822,60.21172925858927,56.67147825307822,-23.819809337190915,0.4560423246777411,0.14237703042605654,0.37225701388862026,0.5779880409016152,2.4162628466314553,2.346495309504686,2.46629174792436,2.6154026775029475,-0.22043082624856164,-0.29370725964629046,-0.2098484539813395,-0.12778629113466589,-0.1549019676802043,-0.24452463685818798,-0.1571451359711422,-0.05548104160861786,1.139460523729622,0.9671451528664634,1.1494553556659275,1.335229241803711,79.4152060450312,74.29058303213866,79.04033800301102,83.65183788928931,12.542602713705664,12.901992028964685,13.349324817700449,12.751905325085971
ESO079-G014,lcdm,15,5,49.496518132431504,4.94965181324315,63.03676913794256,59.496518132431504,-25.843267124037904,0.7382600405750523,0.6267862157017143,0.7140103781141153,0.806878769629826,2.322799110359977,2.283770605262261,2.3314199983285375,2.389365520663469,-0.23838477307771663,-0.31775543380559196,-0.23323873385278135,-0.14899676880465507,-0.154901962000634,-0.2557077104677541,-0.16059223874340606,-0.061622207296303785,0.8738959290903723,0.7456819078117747,0.8898260727340419,1.046050949534158,78.9189476198984,73.86858372447564,78.89788696003444,83.90175610792511,12.35442860097839,12.49737678017722,12.671213347182013,12.471514116271537
ESO079-G014,mond,15,3,45.45823273510218,3.7881860612585148,53.58238333840881,51.45823273510218,-22.799284871513354,,,,,,,,,-0.27189205653229864,-0.34758515552989877,-0.2765389948597466,-0.2028810856342326,-0.15490196320276117,-0.24701036927048342,-0.15009399324677886,-0.05405144930502944,1.0582404505381957,0.9749694299683589,1.0737667402674194,1.1744537369462473,79.16493472452686,74.02632295549253,79.05188778256044,84.08887910658012,,,,
ESO116-G012,nfw,15,5,30.200117165710097,3.02001171657101,43.74036817122115,40.2001171657101,-15.144152044076124,0.8530922348932723,0.6011423820134847,0.8004733114257606,0.973819277475894,2.0797943937643497,2.036740187746794,2.1008797726848694,2.2062050757361447,-0.33010872165300903,-0.41341895827239983,-0.3253768188215588,-0.24046721225448217,-0.15490195356320802,-0.2504473006018168,-0.1479383094569215,-0.051444474989455785,1.0179812015303182,0.8175596836270445,1.0729012031945164,1.3327543643157067,74.01829935795259,71.0331426169872,74.02215654181617,76.88020301515492,11.613337348431989,11.805756103246214,12.12173201240004,11.742499966484655
ESO116-G012,lcdm,15,5,30.304671166120908,3.030467116612091,43.84492217163196,40.30467116612091,-15.281164859765541,0.9202231553592961,0.7998835609527826,0.9000686470665484,0.9993878876085897,2.0592615395831277,2.0256901536337675,2.068673270530866,2.119337372144435,-0.3288558913105019,-0.4179901038283882,-0.3328075063659397,-0.23301454314639844,-0.1549019443557103,-0.25564158881693916,-0.15981110729203335,-0.0582064814187869,0.9143427016055157,0.7697634265120167,0.9283682250394074,1.114166855526303,73.94806845169524,70.91094537408601,73.73313158157893,76.73647617077154,11.580187246092908,11.709136596784205,11.861128901624912,11.68090140394099
ESO116-G012,mond,15,3,28.447968113909063,2.370664009492422,36.572118717215695,34.44796811390906,-16.043178436441117,,,,,,,,,-0.44746192276565955,-0.502987956917892,-0.4497791157067326,-0.39990620104807545,-0.15490199044372208,-0.2520269466652956,-0.15219057252246443,-0.05186211362103918,1.3635455421571834,1.3004949546212967,1.3682421022787252,1.441641485146145,74.48050427810955,71.74903906251656,74.52986685632536,77.46355940572055,,,,
ESO444-G084,nfw,7,5,2.9863116856884817,1.4931558428442409,12.715862430965046,12.98631168568848,-1.5821892286382002,0.8718035366622063,0.35186528125214894,0.7416944047400642,0.9609054790150857,1.8846260751296033,1.8465969478473072,1.9899552440482557,2.2903633168550424,-0.3061266810268555,-0.3899647138604503,-0.2932759987869874,-0.20090688378249785,-0.15490198308249542,-0.2588861263450328,-0.1611749428611589,-0.061129459507673435,1.0127139417325206,0.9267828418092924,1.0242615662208798,1.1259419407031972,34.39325577278038,29.613269257509064,36.206659499162974,42.00726914162823,11.042907628733527,11.472982517336373,12.374206735756733,11.156995010580417
ESO444-G084,lcdm,7,5,3.494780475872075,1.7473902379360375,13.22433122114864,13.494780475872075,-1.8626092722220595,0.961817738793066,0.8347111085795496,0.9356455913664476,1.0299992007244445,1.867920649120199,1.8023622913073294,1.887029695317725,1.99216455182001,-0.30912776060474445,-0.4043441713997331,-0.31502002479176383,-0.21938195699254703,-0.15490197254284704,-0.2542455971759491,-0.15038338542973814,-0.05189240186920932,0.9935587353875802,0.9098093841110002,1.002247355234961,1.0996158346237648,31.548618283508794,27.2922324406988,31.674411445996437,36.516849255971614,10.910203659113595,11.16420587114478,11.479610440651637,11.106878732552204
ESO444-G084,mond,7,3,13.321069844318853,3.330267461079713,19.15880029148479,19.321069844318853,-8.010350606849277,,,,,,,,,-0.3745679179201132,-0.47321390147181724,-0.38246784012918617,-0.29424154119544055,-0.1549019367009078,-0.2604759351949666,-0.1629845413936268,-0.06478825051737003,1.0520624489988846,0.9644754671062,1.0535654842354374,1.1483062750296786,40.23640741568529,38.20481066634955,40.22524618062714,42.468623668924764,,,,
ESO563-G021,nfw,30,5,476.1781258370906,19.047125033483624,493.18411274540136,486.1781258370906,-240.8618805629098,2.1696856549559498e-12,0.03837560564593145,0.13549765742946634,0.2632981564865429,2.860673281376581,2.692977860170998,2.778921159514873,2.8453356342368537,-0.08783125881069229,-0.1280212396910795,-0.08725208588595976,-0.042287852261463275,-0.15490193051510837,-0.26539950899965536,-0.16191573432927348,-0.06063917732960017,1.1489313594936392,1.0320413189518862,1.135449388582835,1.2412463240957188,83.3018688147452,80.29771831925316,83.26429809925696,85.92694456156686,13.5820503657046,13.839880263736225,14.039123687902167,14.08513662932135
ESO563-G021,lcdm,30,5,484.4115615269991,19.376462461079964,501.41754843530987,494.4115615269991,-248.44171335624068,0.514781624258394,0.4118274941027778,0.5029475325495045,0.5894353931071277,2.5675643419728456,2.5252295534779896,2.5751862584617777,2.637573654167115,-0.06206583524992863,-0.11035114532565234,-0.06268417932130736,-0.004208887587209512,-0.15490202803637473,-0.25690143525598785,-0.159528271727145,-0.05576880105611359,1.007834510418774,0.8939761092605784,1.0136432564009283,1.1234776300524727,83.13157403572515,80.15917760005061,82.99575979451828,85.84414838043793,13.078805445625575,13.228675560576939,13.415837747692951,13.205809811110143
ESO563-G021,mond,30,3,481.3616144358288,17.828207942067735,491.5652065808153,487.3616144358288,-242.0778316932991,,,,,,,,,-0.21355153595505894,-0.25190677837385894,-0.21305699053125315,-0.1719671275562852,-0.15490194494052378,-0.25942005239724475,-0.16096917086884013,-0.057888720795639795,1.2121713803799588,1.13878007717274,1.215172312914539,1.2912032254010823,83.41628435427639,80.53181278527298,83.36360808844108,86.16191902656743,,,,
F561-1,nfw,6,5,1.1977286590625886,1.1977286590625886,10.156526005202863,11.197728659062589,-0.68175023806338,1.007922515814549,0.3997977876127771,0.9489080389330625,1.3896427834836647,1.5550276334098596,1.1278781507319477,1.404373481534439,1.803684742541204,-0.3047165955309477,-0.3965008573092713,-0.29913387313164796,-0.1930562649312206,-0.15490195948513225,-0.26272638018898214,-0.16510467458863604,-0.0641330192135139,0.9904399365355592,0.8443162367720835,0.9869864150177556,1.1312733547495146,19.995213433409553,16.733978536243686,23.779757767514713,28.399040004780478,8.88675123738745,9.716237229794924,10.914171012815217,10.168199685421186
F561-1,lcdm,6,5,1.2098162811742406,1.2098162811742406,10.168613627314516,11.209816281174241,-0.7386080980281549,1.090731167858304,0.9686939958742112,1.113134997137973,1.2558983161274901,1.5635769866511877,1.1896162164522535,1.469410713008581,1.8155729123504085,-0.30423395774859996,-0.4013421718315051,-0.30175229725412706,-0.2075382564393127,-0.15490196065895764,-0.25141812915225337,-0.1488697076737501,-0.04878718526641132,0.9862095279984604,0.8365649671311195,0.9915610509594199,1.1390426255507813,19.087315937864222,13.909999090993338,21.147062864022317,26.8961662859277,9.071965434548366,9.91134892421735,10.949835522242832,10.19384774514517
F561-1,mond,6,3,4.883868287053064,1.6279560956843546,10.259146694737229,10.883868287053064,-2.9968681488329603,,,,,,,,,-0.28323021259638104,-0.3786268716542263,-0.2784934719140487,-0.18546823015906272,-0.15490194883724404,-0.25533860689752874,-0.15339495815333193,-0.054249686004877534,0.9834011456146325,0.8266818071445966,0.9746980094574234,1.1246972465732517,13.675092593270607,12.451066043100854,13.734973118944481,15.177698441863106,,,,
F563-1,nfw,17,5,16.04004895326634,1.3366707461055283,30.20611567354742,26.04004895326634,-8.020070672604259,0.8771428530402472,0.7021207793053312,0.85109041764033,0.9904970259847926,1.995101216842846,1.9117880902258613,2.001794394146348,2.1060040787101233,-0.3003866672753185,-0.39660860824198196,-0.29726195673834277,-0.19539998506425982,-0.1549019673027141,-0.25450413378119807,-0.15851188290961638,-0.058427679559126644,0.9993247888265782,0.8328278105599278,1.0258830671493588,1.2237072401219267,24.96851447897877,20.448955261128322,25.37556822142439,30.458743452354874,11.23848105586919,11.50849996763065,11.821129021321976,11.488420435720144
F563-1,lcdm,17,5,16.075713899010395,1.339642824917533,30.241780619291475,26.075713899010395,-8.1645857361372,0.9342296241064979,0.8396286126942331,0.9271606710155322,1.012639452861955,2.0083658972408873,1.9147932449780318,2.000309467184723,2.103440963389439,-0.3026733429626993,-0.40318650971624087,-0.29739313892395547,-0.19654901478578046,-0.15490196048086524,-0.24778551348547362,-0.1516365309624645,-0.04989545960462217,0.9547964635016264,0.7779601182223068,0.9716721967837525,1.156162679329015,23.45347522863557,19.715160034593772,24.006339286306734,28.39843365711006,11.2474965201257,11.504045186745776,11.813439675359923,11.528214476914268
F563-1,mond,17,3,20.589997119665092,1.470714079976078,29.08963715183374,26.589997119665092,-11.147547197951365,,,,,,,,,-0.18604242280134903,-0.275966778525202,-0.19242589107207908,-0.1040424562073567,-0.1549019689437634,-0.2546035333861755,-0.15571962063326766,-0.0572189800349807,1.061232827139332,0.8871272584870955,1.0480542342801282,1.2340716294952472,27.690394090231848,25.46409516491522,27.917958518063248,30.721128433775505,,,,
F563-V1,nfw,6,5,0.9940686435394812,0.9940686435394812,9.952865989679756,10.994068643539482,-0.4992624378050083,0.701949278212036,0.1726810608949818,0.5369133138375588,1.0136850563999749,1.1451404135556635,1.0672137284591576,1.2252709634908168,1.4481868626563825,-0.2949833674972987,-0.40414460588961226,-0.3054655052026956,-0.21232696210287638,-0.15490195466838072,-0.2562301697114737,-0.15051347894735148,-0.05079535147031956,1.003993085063469,0.8028897806515851,0.9845228119667002,1.178999315504738,60.20036033634884,49.47476006445088,58.127629819537496,67.61494430614275,8.70475797056908,9.178929675664056,9.847677373160755,8.938538025858596
F563-V1,lcdm,6,5,1.6118410291783507,1.6118410291783507,10.570638375318625,11.61184102917835,-0.834030253882264,1.2607653681201125,1.075549906520484,1.1983685859441149,1.3106214426733642,1.0,1.0311837642689345,1.1037177823816449,1.23334592965832,-0.28838282635904944,-0.4070790202016593,-0.308363028810817,-0.21018208789901247,-0.1549019577646677,-0.2513894839072224,-0.15084803042427042,-0.0509522699185342,1.0257062031796722,0.7925116772088838,0.9829503231617427,1.1673809781255042,60.72834183643681,47.37958640187376,55.79006715400406,64.67227608928907,8.59666807799841,8.81427013233654,9.203154574166566,8.503116785191606
F563-V1,mond,6,3,2.6914265017274395,0.8971421672424799,8.066704909411605,8.69142650172744,-6.744337099347368,,,,,,,,,-0.32212374758306606,-0.4355544162508256,-0.3383745088803091,-0.2365262562521557,-0.15490195661732636,-0.257802499948854,-0.15496248706942678,-0.06254939721654158,0.726393657356535,0.46447854196302746,0.579977263372851,0.7106082262843163,30.198586792575465,31.399096355363728,34.68084669133859,39.74584120984686,,,,
F563-V2,nfw,10,5,9.492860416507995,1.8985720833015989,21.005785881478225,19.492860416507995,-4.847548912808953,0.8073956099746231,0.22613004036490147,0.5685781729766153,0.8871102998074529,2.108988469384383,1.978673802134121,2.272522681418777,2.6242673442885875,-0.27735631860569804,-0.3713360451430824,-0.2658904800211973,-0.15326508970035335,-0.15490194533332569,-0.2582173504836197,-0.15718217572783644,-0.05714286983936295,1.0255682794032843,0.8361037298191338,1.021193362341855,1.2225565588067424,32.601938802430304,25.84314129930972,35.49856035666635,45.7220533856497,11.439138191593969,12.320684829447938,13.375918818057368,11.830082193344754
F563-V2,lcdm,10,5,9.892482262350823,1.9784964524701647,21.405407727321055,19.892482262350825,-4.987937451583357,0.9102299979570446,0.7508952322251853,0.8782992513245604,0.9940988864431771,2.1212377026826577,1.9522416294456146,2.155643550579974,2.455929330633191,-0.2849698329068425,-0.37057230244416595,-0.2718322824773526,-0.1724292045040789,-0.1549019675550633,-0.2559724760696713,-0.15630805147461796,-0.0564166299304622,0.9899082097476666,0.7903997145654333,0.9624949154547108,1.1439317119882566,28.810150629252597,21.033334291803097,29.06998081206656,36.864431355182354,11.35984167352845,11.970047436931528,12.870904777091178,11.86682989323958
F563-V2,mond,10,3,7.040831844802764,1.005833120686109,13.9485871237849,13.040831844802764,-4.260150588589772,,,,,,,,,-0.21872517464967,-0.30708178177970374,-0.2183774696318289,-0.12545028267886588,-0.1549019695543133,-0.26304034792854,-0.16008577314938668,-0.05746292894067856,1.0673619352863786,0.8763351063866801,1.0423566891395142,1.2264906602167898,37.293710323777944,33.87264586609336,37.813478480232526,42.28566011269622,,,,
F565-V2,nfw,7,5,1.873385064371719,0.9366925321858595,11.602935809648285,11.87338506437172,-0.9367596929734459,2.9909305448819023e-12,0.13303724257567728,0.3835278301465844,0.6825384986513253,2.583686067027249,2.0286874317127235,2.269143334144255,2.4912216786171753,-0.30148500618915774,-0.40511448573337977,-0.304500851351485,-0.20327368997738995,-0.15490195238133206,-0.260200706884075,-0.16152105123973573,-0.06090310219604342,1.0014370346867878,0.8109558882083397,1.008843790125344,1.1962494018219714,60.078985925945474,50.78216538007671,60.58614638697646,70.13329887211708,11.589179080329776,12.310546787624371,12.976781821043131,13.254174986273352
F565-V2,lcdm,7,5,3.9594098206784176,1.9797049103392088,13.688960565954982,13.959409820678417,-2.7794529872583955,0.8865040979708441,0.7325728285030655,0.854980142202882,0.9748083578553949,1.9403161717533857,1.8532847798148746,1.9812270716844045,2.154647367380587,-0.304663407816988,-0.39167658240074776,-0.29301017078167024,-0.19142692191403715,-0.15490195810794033,-0.251015762138347,-0.15484001614075765,-0.05564141172590482,0.8637933616423754,0.6413086577476522,0.848293153813416,1.0476299098462438,55.10651223753267,45.073747703751465,55.199718702100604,65.33979510902145,11.06297112463623,11.446798000244819,11.967058887333367,11.324065300451764
F565-V2,mond,7,3,1.6686469333761689,0.4171617333440422,7.506377380542109,7.668646933376169,-1.046776203591682,,,,,,,,,-0.29368513094846327,-0.3923184870188855,-0.2941436431350659,-0.19618476937866056,-0.15490196258162564,-0.25585096891946696,-0.16074288705301867,-0.05930656244038371,1.0959781240204842,0.9760026459080429,1.0930822902591946,1.2296545227285576,64.3701699749663,58.3923841626108,64.93533511100944,72.35609060399072,,,,
F567-2,nfw,5,5,1.784535885510417,1.784535885510417,9.831725447680919,11.784535885510417,-0.9165678621920471,0.9574871073179934,0.24913219732828884,0.7566940060389274,1.2504270087894749,1.63804663438579,1.2247800623221348,1.5970757025341276,2.133245994737756,-0.2979111962604386,-0.3782573771855345,-0.27044473870839847,-0.1697640741760175,-0.15490196152087143,-0.2626747574675871,-0.1691752477500798,-0.06834865694906112,0.9955337278857469,0.8597524335114938,0.9952443598986485,1.1363875650445938,17.83821695435868,12.641309081086401,22.135000962677392,30.04941387087468,9.17745697215801,10.29434389279399,11.902854769404874,10.417256688348976
F567-2,lcdm,5,5,1.7569786233482458,1.7569786233482458,9.804168185518748,11.756978623348246,-0.9828791763030382,1.0590423146084982,0.9280554660124536,1.0674974529365087,1.2115319577562487,1.6730923405896538,1.2959612001703285,1.6034162237779173,1.9569577876202287,-0.2999501408054871,-0.3861336441353516,-0.28666679349491775,-0.1870032796332937,-0.15490196031853662,-0.24590077167328672,-0.14665964959869388,-0.04499049159887199,0.9898078334389064,0.8437562336850589,0.9897617792919735,1.1325527926367853,15.63326564448942,10.49839597139821,17.724565598871436,25.803165918014745,9.391000385702592,10.313365456525359,11.373990148052293,10.522393806960569
F567-2,mond,5,3,4.537940821060362,2.268970410530181,9.366254558362662,10.537940821060362,-2.537768506380813,,,,,,,,,-0.24919223118625716,-0.33946699891804855,-0.24872651322745198,-0.15738791916539668,-0.15490193671645447,-0.251090506091014,-0.15350657096592027,-0.06158345727292791,0.9911930100517906,0.8181960656102839,0.966901764732646,1.1197404928945125,14.848259657191308,13.460419949734801,15.114451768172954,16.94508534872443,,,,
F568-1,nfw,12,5,8.362602937273872,1.194657562467696,20.78713618621387,18.36260293727387,-4.1850104753612865,0.8117560160465174,0.3345087509141928,0.630880434087487,0.8801714618490897,2.231935167811941,2.16333027568668,2.410694022337596,2.7104748922943314,-0.2986777043192789,-0.3923493606024516,-0.29565335785803,-0.1978991869537755,-0.1549019562261017,-0.2530555576609588,-0.1538810530706115,-0.049931113654743835,0.9974979222752227,0.8933192224140633,0.9932586430460963,1.1047916173958967,25.602591946385516,21.133116078290062,26.056350010306254,31.068972525398266,11.993107612251645,12.735198852204395,13.6345414620746,12.198922288627429
F568-1,lcdm,12,5,8.406230231105964,1.2008900330151377,20.830763480045967,18.406230231105965,-4.3001207995269075,0.8769941013013163,0.7474997098226217,0.8599484725891074,0.9625145567467047,2.2123459269086707,2.086502021062906,2.2286687839007,2.3989909251425225,-0.3014321138113688,-0.39925086885662714,-0.30336265606642276,-0.20958484789883122,-0.1549019418654785,-0.2622578792463871,-0.1571114171381059,-0.05608533997330717,0.9873450174092351,0.8807421011481327,0.9809894945522182,1.0826196356545794,24.428684780215217,20.333447233212866,24.386238907501436,28.868904343099086,11.762622848380325,12.189123136893706,12.700089560619174,12.14015456591762
F568-1,mond,12,3,11.177399391187688,1.2419332656875208,18.63211934055169,17.177399391187688,-7.180684893735265,,,,,,,,,-0.18652950452335298,-0.27780748460067894,-0.18909853296779575,-0.10268898613907301,-0.15490196109419269,-0.2496004738818548,-0.14342988686354186,-0.04563943951761221,1.0508248249706664,0.9615723662449472,1.0506111052346334,1.1464537845831078,32.416935982419176,30.496445432442762,32.41731574711829,34.49713961848797,,,,
F568-3,nfw,18,5,50.49380924900529,3.8841391730004067,64.9456680384861,60.49380924900529,-25.491243169571682,7.450225557729505e-14,0.03375284287250775,0.1286267589583602,0.2867187149883906,2.419860638591851,2.1614250152001953,2.346690954437672,2.5699797585174613,-0.2723266075915388,-0.37667884361643234,-0.27990570138110893,-0.18763400415633283,-0.15490195876691787,-0.25198834667096665,-0.1510721313897562,-0.05320577544494846,1.0137442835297368,0.8988794966967909,1.0046105072940794,1.1080277492202881,46.22413133280276,35.240358536127474,44.83322840529031,54.446789231919624,11.987391830792191,12.543189648504622,13.213056060743991,12.762698700967158
F568-3,lcdm,18,5,56.418028014721166,4.339848308824705,70.869886804202,66.41802801472116,-31.316979393909016,0.6367855780718248,0.5290857116793738,0.6278929981205981,0.7203665851480378,2.7282323753875986,2.4388124108066,2.6339416537078812,2.8026326566401516,-0.2958504767838598,-0.4060038095487002,-0.3041174050244317,-0.20095242800088728,-0.15490197291865104,-0.25796713161837614,-0.15901745704965647,-0.057751884677975415,0.966946693730347,0.8517029336271871,0.94949937754282,1.047143060691166,17.625159065184455,16.32662126029554,20.372084601857022,25.82891785198291,12.819554017611406,13.40494174631525,13.91101475511206,13.687813911354402
F568-3,mond,18,3,45.984001363163664,3.065600090877578,54.655116636852156,51.984001363163664,-23.051571203516165,,,,,,,,,-0.33291346867545124,-0.4175609165080696,-0.33761619631824935,-0.2543659440438262,-0.1549019663418212,-0.2539652843401233,-0.15242532052057417,-0.054241982264612465,0.9970324922205,0.8955212031439502,0.999112019063505,1.0943109326108043,38.711401982804226,35.92984904410557,38.836179771134525,42.22074699513529,,,,
F568-V1,nfw,15,5,2.8165890653406307,0.28165890653406306,16.356840070851682,12.816589065340631,-1.410110036646632,1.1707901906464144,1.0449132267395433,1.1682155719890326,1.2903840899191248,1.9382222606479123,1.8368853336081836,1.9309067646035238,2.066172211279116,-0.29727600881771243,-0.40260160978638765,-0.3004291423463704,-0.18859114914635092,-0.15490196076326906,-0.24739833220939314,-0.1466553773267475,-0.05179652555482082,0.9989140391848834,0.9087883436596945,1.017219646901379,1.105430152034372,39.541324173381646,29.514216318517356,41.138320087916405,51.69520464992155,11.013772786016158,11.295837079002178,11.701633419028953,11.317783567135344
F568-V1,lcdm,15,5,3.11365800459488,0.31136580045948803,16.65390901010593,13.11365800459488,-2.0040169986811343,1.0785059160313275,0.9956343894696612,1.069439362768047,1.147435737372869,1.919180466472854,1.8425042433195669,1.9287557113657563,2.0206457334121097,-0.28797125130636503,-0.38026111074360475,-0.29198867044690074,-0.18944943691705576,-0.15490196046436944,-0.25899201331593824,-0.15656543108471552,-0.05332235097138831,1.0214850976738163,0.9289440782927999,1.0257005422540706,1.1231696202148673,45.33371356361339,37.855253315330444,45.2133309346205,52.91513610051289,11.030629515150308,11.289383919288875,11.565053985427936,11.260658184610168
F568-V1,mond,15,3,11.451052962650369,0.9542544135541974,19.575203565956997,17.45105296265037,-8.549050724255537,,,,,,,,,-0.10177535230564426,-0.18640622022007758,-0.10867480223357645,-0.03075435081463439,-0.15490197866046818,-0.2505806908215316,-0.15362944350249458,-0.05304389756063886,1.043223874387497,0.9452171057129368,1.0366579560271294,1.128932004873541,52.206460847306445,48.600898498512976,52.92920729149672,57.77038379273715,,,,
F571-8,nfw,13,5,34.47661461832347,4.309576827290433,47.30136140563115,44.47661461832347,-25.620214963828744,1.0599890772699565,0.8440914807762745,0.9811370252043063,1.0679638377672211,2.2602926530362697,2.230033571170901,2.306789117823698,2.4353417684675436,-0.5787655226742882,-0.6789552085239495,-0.5949306007648302,-0.5204725110547144,-0.15491758488698562,-0.24519565495381895,-0.1505804511077713,-0.05506495546189089,0.3977485928706559,0.4079396422521086,0.4427411145364969,0.5146213034062467,83.88070347366845,78.53087822892232,83.39689929638581,87.41096596416462,12.193217498704309,12.423484138662701,12.809142090594237,12.283994744300415
F571-8,lcdm,13,5,35.755082603745755,4.469385325468219,48.57982939105344,45.755082603745755,-26.55363930252838,1.0124797643329877,0.8214735643035271,0.9285467566105623,1.0140465849603777,2.3110604493716345,2.2670198483262953,2.350630153083877,2.4632286564859958,-0.5626420098019527,-0.6767781885185208,-0.5948826283327491,-0.5213949152583067,-0.1548668535965474,-0.25607687152640074,-0.15859075396547317,-0.062234009528038065,0.3977485928705698,0.41610819381675873,0.46322038208910143,0.5385332891876038,84.23923071431406,78.1479148230793,83.3578554127971,87.43139663529153,12.304176330170492,12.555007244443237,12.892802754649594,12.43629813330651
F571-8,mond,13,3,438.1591068732906,43.815910687329065,445.85395494567524,444.1591068732906,-230.0736571822329,,,,,,,,,-0.657510127711191,-0.6653418961558244,-0.642297501437574,-0.6189352066952389,-0.15490244660373825,-0.25107205212600425,-0.14438148056778188,-0.04381086924966448,1.6022514071294511,1.5514838937465183,1.582959937036935,1.5974524337454743,87.64763591111006,84.07490102434225,86.9287850799105,88.94543078993229,,,,
F571-V1,nfw,7,5,1.553206698144948,0.776603349072474,11.282757443421513,11.553206698144947,-0.7867527439670712,0.6499311181358843,0.1788174967766982,0.4590142384318927,0.7461605006825461,1.9429470400732518,1.8181015705081756,2.0163835645183656,2.2892220034544004,-0.30084949051356774,-0.4026151108925117,-0.29408223020478397,-0.20098295513821626,-0.1549019682007909,-0.2656877038249956,-0.15640393894852112,-0.056825697021482977,1.0024424679485082,0.8986174029107018,0.9959240369124736,1.0960809341753162,31.403476906320634,24.017958541134615,33.19475889866455,43.220916205143546,10.957421496716133,11.552267478746703,12.370782795554808,11.331957905411361
F571-V1,lcdm,7,5,2.0793342537778363,1.0396671268889182,11.808884999054403,12.079334253777837,-1.4378572629568902,0.9246235598869481,0.8065188647095063,0.9081763481628559,1.0137818300101455,2.006134251629203,1.784672543299213,1.9672201406255971,2.154395163435424,-0.30428668327156827,-0.40950048286345847,-0.3098039858821526,-0.20725921866225525,-0.15490196168917858,-0.253824089921532,-0.15785372381302373,-0.06037625508225944,0.9868206975224848,0.8825613647198116,0.9845348932947536,1.0820461076270378,22.244509475205923,18.270384252277474,24.139490806846524,32.454439191311096,10.857134415089245,11.404777207068399,11.966302275497878,11.521519540079215
F571-V1,mond,7,3,1.0523878382834218,0.26309695957085544,6.890118285449361,7.052387838283422,-0.5488446711926542,,,,,,,,,-0.3011552840997723,-0.39524292067826206,-0.29526745573916885,-0.20233447837395102,-0.1549019870739859,-0.2497062716595546,-0.15351646690815962,-0.055608903311826996,0.9968065743705902,0.903516824870431,1.0010626630092185,1.094863529599096,27.895775996422984,26.034667392308673,27.76323493876432,29.732829937029656,,,,
F574-1,nfw,14,5,19.64423429463655,2.182692699404061,32.839520942712845,29.64423429463655,-9.842248085225533,0.8909819994435413,0.7808035160652739,0.8716729847602454,0.9653346329426126,1.957665769224475,1.9129358641210998,1.969063758726189,2.0344750490019434,-0.2823976556993046,-0.3603767202192213,-0.2612441096980173,-0.1557763949273074,-0.15490195902832077,-0.2536092920576348,-0.15893466308962628,-0.05972555128608956,0.9961725029558373,0.9011387793886244,0.9933426372610272,1.0910485313102065,64.36121261782341,55.3480203479286,65.38458897217453,75.75713229988477,11.241924377554906,11.410308061370174,11.606541932197437,11.37611409286503
F574-1,lcdm,14,5,19.686900937979214,2.187433437553246,32.88218758605551,29.686900937979214,-10.07597144344321,0.9255445486045083,0.8517904368056793,0.9198046056974006,0.9884426100365468,1.9583243851267342,1.9055846034217698,1.957913905895781,2.021653157073694,-0.2917585555105495,-0.39120719256018444,-0.2871091680978629,-0.1925531669628598,-0.15490195690349043,-0.24818042747206623,-0.1546166922565501,-0.05890315962597946,0.9768791542797274,0.8841406309215224,0.9809633468819731,1.0748039681345567,61.717461428167965,53.6786751208531,62.78635651703571,72.85914411060143,11.219870595456916,11.37685850287895,11.56807625641269,11.378089940571808
F574-1,mond,14,3,25.99893172121623,2.3635392473832937,33.916103710062,31.99893172121623,-14.37040500871957,,,,,,,,,-0.13756452701152133,-0.20987165848885825,-0.1397929781912758,-0.06631699083107097,-0.15490198919969408,-0.2551663584015842,-0.15367057064199985,-0.05208078553455554,0.9870533063555393,0.884361394822364,0.9689929305071714,1.0644647508426117,62.69737835470873,58.20172548796833,64.17550864073425,70.8654728881298,,,,
F574-2,nfw,5,5,0.1258577375067099,0.1258577375067099,8.173047299677211,10.12585773750671,-0.06431426495893976,3.721665911894902e-11,0.12062035549739651,0.4878126520042345,1.1095057513421218,1.2383302358017523,1.0792222176844881,1.2921544698995615,1.6947316387593312,-0.3017434707590576,-0.40510903094326356,-0.306315676401942,-0.2051715932071267,-0.15490196416159902,-0.2610688394539235,-0.16865469252352638,-0.06668942674251616,0.9991605268833955,0.8935761944187722,0.9924894573452614,1.0987039715792684,29.48527519695586,20.293644935224776,26.05415149697309,31.64751094119635,8.74078343824507,9.379580194890291,10.5873117014696,9.218107492596863
F574-2,lcdm,5,5,0.4034948970141248,0.4034948970141248,8.450684459184627,10.403494897014125,-0.20366979081887215,1.2722349017958043,1.0271392982629615,1.1799620863807774,1.30305125002155,1.0000000000000178,1.0517824295863447,1.1890447898101821,1.4627270764901181,-0.30389688296771533,-0.4065945528281914,-0.3158915081934916,-0.2107223449876569,-0.15490212848468704,-0.24913536900621372,-0.15463691750008823,-0.05623935582733436,1.0017265192597744,0.9014699119612027,1.0049804790583838,1.1047677769196815,29.582835987145806,19.041947499988513,25.48652606197626,31.05715779169752,8.65846407395064,9.070251154622152,9.89129801466196,8.50311678519166
F574-2,mond,5,3,0.16991650753183746,0.08495825376591873,4.998230244834138,6.169916507531838,-1.517428951847924,,,,,,,,,-0.3105877213901251,-0.41327163977459774,-0.3133628357978136,-0.21647036208251116,-0.15490195132503798,-0.2562641197027229,-0.15494994451820138,-0.05355932859452218,0.9885946616798924,0.8858445750902613,0.988061241464534,1.089494999921302,13.139400337358186,11.450929759920816,13.243263300923562,15.119211157673195,,,,
F579-V1,nfw,14,5,2.2743097984304663,0.25270108871449626,15.46959644650676,12.274309798430465,-1.1379543392370275,1.3382488389591352,1.2067905419057063,1.3278061534293946,1.4577121232979995,1.8191096515043195,1.570687293962072,1.7479239193504617,1.9333882041501727,-0.29971716538714627,-0.38573390858422585,-0.2889417641227119,-0.19340626043689696,-0.15490196327355615,-0.24866346519310464,-0.14589650764801357,-0.050470311887386765,1.0005308879237709,0.9006889908998313,1.0034962060928811,1.1103921499026397,26.373944315540356,20.400324142432478,30.766360891548008,40.277058002911886,10.215178667077822,10.746888543242992,11.303281397642124,10.960445739704564
F579-V1,lcdm,14,5,3.0856131528217485,0.34284590586908315,16.28089980089804,13.085613152821749,-2.6464153809809305,1.1883067385844401,1.1023268394194463,1.1851336712033895,1.2712226017337735,1.6912334275124883,1.547315807724811,1.6603062204838812,1.780989211719714,-0.29493133574866304,-0.3805731007283287,-0.28533168338667986,-0.1913536799460217,-0.15490196489050984,-0.2581384904594459,-0.15033999436067993,-0.050060597687065764,1.0278482511232963,0.9246335481282998,1.0189355198599443,1.121105060795905,35.45815728472938,30.73579473789889,36.99276899929916,43.19428798877394,10.14506420836604,10.48403544664325,10.84608442035075,10.57681706772907
F579-V1,mond,14,3,33.52353793150551,3.047594357409592,41.44070992035128,39.52353793150551,-17.588620203703094,,,,,,,,,-0.17263282028582774,-0.2637082115615508,-0.1725326857854745,-0.08694583930039176,-0.1549019682879552,-0.261116708700252,-0.160189015353965,-0.057722099747608877,1.0010197318580487,0.8875321821677775,0.9895633784834452,1.0880739267752053,26.70816848882248,24.890776890661996,26.996628237953946,29.219435786587727,,,,
F583-1,nfw,25,5,35.66818649991874,1.783409324995937,51.76256562425974,45.66818649991874,-17.90454723608316,0.6951668471013767,0.5461013016294787,0.6716049130938131,0.7914362460353125,2.0054191619067083,1.9557821796576191,2.0270953327091967,2.1032291440146804,-0.29338963064302614,-0.38954732106007284,-0.290083745439272,-0.18404291036366272,-0.15490198050820697,-0.2518313070487514,-0.1553738516622665,-0.05855125637430318,0.912823260835792,0.6860224409192914,0.9124706265661118,1.1433117022154855,62.41961407534883,57.5270638490708,62.892809814956045,67.98362862106755,11.370463324164463,11.584402783319197,11.812804217235648,11.519374270911731
F583-1,lcdm,25,5,35.000967103245586,1.7500483551622792,51.09534622758659,45.000967103245586,-19.25656508845057,0.870441726892155,0.753951132668227,0.8380709396267575,0.9424683068993394,1.9812022355264147,1.9325889881700227,1.989843927567497,2.0681749777339506,-0.30260418332134087,-0.3985944905106242,-0.29859341539017165,-0.19463391009619635,-0.1549019494115264,-0.2505075649210464,-0.1487888644398931,-0.05297934832758078,0.6066188301664618,0.4685375440478016,0.6442019442311309,0.839329693352733,61.64874914596342,56.20861384294764,61.36303461557403,66.48252091270092,11.300883749701674,11.472648567894097,11.707641718393457,11.44672349177085
F583-1,mond,25,3,43.88598746201023,1.9948176119095558,53.542614936614825,49.88598746201023,-26.23265113034776,,,,,,,,,-0.009472668950712786,-0.07813761128205139,-0.011643947668937643,0.0554672766072322,-0.1549019618557541,-0.25904440300361287,-0.15718544990265207,-0.05982855776077496,0.9335499906996042,0.8464899401132704,0.942691607353024,1.0575630307827233,62.5500649244006,57.54562991757586,62.253589888247795,67.32140568959022,,,,
F583-4,nfw,12,5,1.4920697475947413,0.21315282108496306,13.916602996534742,11.49206974759474,-0.7522953653065974,0.6241381489846619,0.152841420340903,0.4744257002192004,0.7806055479962922,1.9438578034208351,1.8408637811411344,2.0531923604535254,2.321098449178241,-0.294527635826352,-0.39415404568989343,-0.2882534546843884,-0.19038726046461427,-0.1549019616368264,-0.25304620122440696,-0.1521353878036955,-0.05520523514984545,1.01170329432041,0.8259233753820511,1.0180595065936566,1.209354648886858,55.69959207383094,46.60369278451592,55.84713370179537,65.40882602064111,11.025708128615008,11.662693866552182,12.46641213272633,11.334690195454112
F583-4,lcdm,12,5,2.481911173293446,0.35455873904192087,14.906444422233447,12.481911173293446,-1.9775718194279197,0.9330789067664922,0.8165599359495812,0.9209687255533038,1.0262353166417284,1.8288303289753536,1.7355708057781332,1.8406201271946334,1.9795608427257119,-0.3085279912859984,-0.39909532580596124,-0.2962504112600377,-0.19516220802209233,-0.15490195148024105,-0.2526081484223702,-0.16005796432837482,-0.05930286079790491,0.8717722332692248,0.674678684457501,0.8589259198038998,1.0353260469460845,48.932669398651214,39.92857120381853,49.60911037118799,59.2404167753515,10.709829202526006,11.024977166775507,11.441799313368742,10.989607772117667
F583-4,mond,12,3,1.243932930572361,0.13821477006359567,8.698652879936363,7.243932930572361,-0.7486051793062679,,,,,,,,,-0.31747139490355764,-0.4069086831865554,-0.3166657958706025,-0.22845984283989754,-0.1549019607029135,-0.257170418115281,-0.15585890406187625,-0.05848901650544833,0.9422482647299039,0.779118103420838,0.9331357605269187,1.1018246177607942,51.212043527850206,45.890620858366795,51.79554835364807,59.06759799036824,,,,
IC2574,nfw,34,5,1076.6651477944426,37.12638440670492,1094.2969504175235,1086.6651477944426,-548.3114580750786,6.009721102707928e-14,0.0008182536872521715,0.0032761113653487443,0.00795903715084296,2.055600326679519,2.049181358296278,2.0621928677721004,2.0746303468582217,-0.5792206767067474,-0.6479068292967747,-0.5790652861263086,-0.5099645269022773,-0.15490254019310995,-0.2643328680745902,-0.1574596299428297,-0.054150183696461525,1.1534526854218048,1.1193874538443844,1.139817446284841,1.149544748188721,87.55863765844704,84.39251322165681,87.03608328448624,88.952705513676,11.650660860080439,11.689695388507907,11.727007825766272,11.669917765230164
IC2574,lcdm,34,5,1075.8061891928132,37.09676514457977,1093.437991815894,1085.8061891928132,-586.0281909069032,1.3399740777180388e-15,0.0011207042994247464,0.004300744831399377,0.011345177902277027,2.0586084263754705,2.0512639255119955,2.0644476189203207,2.0782881062256418,-0.5968433704962994,-0.6646030175186487,-0.5883980657279894,-0.517591717771286,-0.15490160676035059,-0.25381364748417184,-0.1464965319818614,-0.054713058216374774,1.1534526854218883,1.1155797974388704,1.1368504349024542,1.1487793300641738,87.39821275921423,83.9654514001081,86.48782127568744,88.70770237507357,11.656908561727594,11.696459641952568,11.737981103868531,11.678942064318019
IC2574,mond,34,3,90.24406546879399,2.911098886090129,100.82314704264247,96.24406546879399,-71.55552656243245,,,,,,,,,-0.9999999999999993,-0.9989257795373193,-0.9957314123145784,-0.9886450428571668,-0.15490196976176868,-0.2635268012895511,-0.16306101417691818,-0.062390428539613615,0.9611268608486876,0.9049129201064575,0.9538556753046703,1.0054463353798553,62.02915534578892,59.6483955811353,62.31728189629091,65.47490731191668,,,,
IC4202,nfw,32,6,533.7591083849661,20.52919647634485,554.5535238017644,545.7591083849661,-298.11579217380927,1.3814699847881755,1.34600097330236,1.3667963099415037,1.3841048098904036,2.1406758590931174,2.1314680199214022,2.1448795249725228,2.1579516254273194,-0.16564517952780344,-0.2310344416712718,-0.1843340601734042,-0.14234496679126998,-0.8735084458109972,-0.941424602972162,-0.8882041786972316,-0.8329354081742895,0.701195219123584,0.7079598254420222,0.7273019774925751,0.7681965081869173,89.99344472560475,88.65255270947786,89.34037649000027,89.80836025650397,11.897520844955812,11.937755360109175,11.976971661473565,11.92514436247096
IC4202,lcdm,32,6,536.0366528022898,20.61679433854961,556.8310682190881,548.0366528022898,-306.4228496001217,1.3748288539280613,1.318862562850364,1.3481263566558983,1.3709486184233513,2.143061077570155,2.134893020825629,2.1478566800780188,2.16211342347669,-0.16232712869983618,-0.23914062041042805,-0.19066645361216572,-0.14500496923451833,-0.858346455984845,-0.9433554683739206,-0.881793768695406,-0.8223576443587839,0.7011952191400723,0.7172107634191768,0.7552510117615044,0.820129616420023,89.99704430390722,88.62603406375901,89.34737810413613,89.78625945122127,11.907795847668494,11.946686825425662,11.989457055621676,11.932300017902072
IC4202,mond,32,4,903.7618562051417,32.27720915018363,917.6247998163407,911.7618562051417,-458.1473824460141,,,,,,,,,-0.018779513978590096,-0.06835905138103684,-0.019657979467880195,0.026860776903237092,-0.27898618769820166,-0.3173303121289996,-0.28021313671796194,-0.24385497488770713,0.8267193976970317,0.772383183951461,0.8275056456220476,0.8881736604465704,89.99999945839402,88.61406584503658,89.32764024014115,89.79502198671537,,,,
KK98-251,nfw,15,5,15.099637938518518,1.5099637938518518,28.63988894402957,25.09963793851852,-9.454114921141137,1.1565769954184912e-13,0.029326907484766542,0.10051201455439433,0.22318091571288995,1.6543304085946064,1.317431794154834,1.5473637903109783,1.7454866857429738,-0.29218468962884364,-0.38322376868808616,-0.27710824689654634,-0.17825727521256435,-0.1549019521494827,-0.24410402206253173,-0.14827636834702987,-0.05168023166842964,1.526721314952888,1.3142050306699158,1.5441098527439712,1.7508882224210145,63.23719550736035,59.058997600053594,63.65082594489974,68.25921256218264,9.455412167656108,10.145208156124541,10.739576842420528,10.466108010975425
KK98-251,lcdm,15,5,40.39324511520036,4.039324511520036,53.93349612071141,50.39324511520036,-24.45362108225119,0.7886463189405709,0.6462149363316421,0.7568823409929006,0.881908465984588,1.8305192230742882,1.607953467786343,1.8010348642255731,2.0557580695361097,-0.2962099174010295,-0.4034605912763416,-0.3007114701552043,-0.19889636887814086,-0.15490196411268703,-0.2641942647214315,-0.1608323439097824,-0.06667348457310505,0.40532123607730497,0.24412770389466737,0.45061592697143266,0.7364007291746154,58.72625860554257,54.14898322362352,58.8102603291692,63.647488778757925,10.326977188550636,10.906221377868325,11.670390993799936,10.99467445441447
KK98-251,mond,15,3,13.26257814976163,1.1052148458134692,21.38672875306826,19.26257814976163,-8.180973113211309,,,,,,,,,-0.34864278079223493,-0.44993901289379995,-0.35662676679659333,-0.26161368132505525,-0.15490195535379186,-0.2541168935435008,-0.1568876180177045,-0.05697684186780742,0.5000763941928794,0.45332935410882763,0.5085509291476296,0.5872696509645545,57.45289522303468,51.52428070802871,56.58295746760699,61.790516406624434,,,,
NGC0024,nfw,29,5,22.1707936594347,0.9237830691431125,39.007272809367066,32.1707936594347,-11.871624222769421,1.2886863562333613,1.1794450276935025,1.273317165071631,1.3380141730077828,1.837004652880924,1.8225216347282371,1.8421453117041509,1.865952883585341,-0.17934583219254624,-0.2624495597108354,-0.1553467929357837,-0.038394118313260034,-0.1549019320505073,-0.25214489612739766,-0.15161181147059735,-0.05369225516897719,1.0104749174750296,0.9632696982013691,1.0123033649182283,1.0613458035097811,64.64784750243848,61.836516182638974,64.80378727711388,67.80896516280596,10.970681689376317,11.029552720304059,11.10097543594763,11.014130743834379
NGC0024,lcdm,29,5,19.16264702280582,0.7984436259502425,35.99912617273819,29.16264702280582,-13.878516588219536,1.1819005444782666,1.0437884467544853,1.1631606283503966,1.2519553548247246,1.8564164543095774,1.837400669745355,1.862812283844735,1.8997879657595154,-0.06514033506241435,-0.15954723917363026,-0.04954617388728892,0.051247289247097844,-0.15490196033306544,-0.25107721202822014,-0.14706449270989785,-0.05016621125517774,1.0320439976470757,0.9867899388387308,1.0342060614002477,1.0805450910809469,65.74519907789332,63.2819757323799,65.93787238991273,68.52809344359184,11.015318794427671,11.091553636725811,11.202480682470153,11.072366148120338
NGC0024,mond,29,3,19.670458317420728,0.7565560891315665,29.772345807380148,25.670458317420728,-15.063765805557715,,,,,,,,,0.007624836554582928,-0.03724398882219684,0.0038489885199016124,0.04791137473386241,-0.15490194075175057,-0.24571739831986256,-0.14434331366880643,-0.04637330252949448,1.0340292651004066,0.9936795265547975,1.0358762318764456,1.0799542033041771,66.0216983721912,63.682071318891275,66.22585413072542,68.72096108681366,,,,
NGC0055,nfw,21,5,45.43650056999704,2.839781285624815,60.65911275861415,55.43650056999704,-24.800780887771534,0.3264311908972102,0.12160903313335808,0.27281458737647424,0.4132228637351731,2.207845107398346,2.1445660508658935,2.249097392145301,2.3644324470100697,-0.499356543663706,-0.5733989901126338,-0.49547367416100635,-0.4205463875869984,-0.1549019511985796,-0.24789999286622777,-0.1551924175841558,-0.051108294952165345,1.0228682477845097,0.9744957476970325,1.024673606819466,1.0777663576826488,77.59473748624387,74.48070721296138,77.38459078773019,80.28117880238139,11.936814937789288,12.25040896162751,12.596414126221816,12.126652107386644
NGC0055,lcdm,21,5,47.929211317071584,2.995575707316974,63.1518235056887,57.929211317071584,-33.722397033125446,0.5555548765589193,0.4883413558294597,0.5477452216615126,0.6072779178010231,2.0566503491171257,2.01855296692943,2.0637713440318075,2.1110147997509157,-0.5408515788063781,-0.6128966996412746,-0.5316231346758626,-0.4582456486027749,-0.15490196671289772,-0.2543420737299552,-0.16038226995812732,-0.0634168874148276,0.9633682873939836,0.909176337628789,0.9607130161283516,1.0132913118693214,76.33256811486902,73.43032884450982,76.35954932156292,79.54192181522087,11.558775685979896,11.69443081728703,11.836161184444354,11.673067832542984
NGC0055,mond,21,3,26.830005254970736,1.4905558474983742,35.963572568141004,32.830005254970736,-29.57160701078993,,,,,,,,,-0.716439791837318,-0.824075349887252,-0.7601674650014117,-0.7022342128978386,-0.1549035753782329,-0.2603654227686907,-0.162395581089104,-0.05968753295904173,0.8436018957345988,0.8469029556632691,0.8554249778771965,0.8690557725840161,69.61690376494798,68.4546468287297,69.4981463787866,70.97626668839595,,,,
NGC0100,nfw,21,5,14.269881648458274,0.8918676030286421,29.492493837075386,24.269881648458274,-7.1553415716178534,7.904135207942573e-11,0.09685462909112505,0.296519416593371,0.5470671725815524,2.6046232666763043,2.210297922291311,2.380882864585609,2.5590311015889453,-0.3112343606738004,-0.41109859505142515,-0.32664046116991696,-0.23901488639826168,-0.15490189611158187,-0.25161760567546476,-0.1513394992985067,-0.05362208790868386,1.0522968342772416,0.7640709056918167,0.9866248417821635,1.2276845131874645,89.00039535115678,87.96884811536127,88.85708375014335,89.56926660820258,12.13401055206554,12.645765378948433,13.180210089958441,13.31698658522052
NGC0100,lcdm,21,5,16.61219993446606,1.0382624959041287,31.834812123083175,26.61219993446606,-9.597861849822975,0.8456972722235092,0.6928083544731248,0.8200239167878948,0.9354199702511466,2.0879477510823903,2.016443978634984,2.101544065506193,2.2147573125452134,-0.3109371358184844,-0.40576132375622537,-0.3128826840872301,-0.216852675225181,-0.15490193641437713,-0.26220677431473227,-0.15728119319054223,-0.05644053530955948,0.604088793599358,0.4735708007565505,0.6161990255947957,0.7724271215571215,88.99892408723639,87.90452018253265,88.84236722867841,89.57917554318563,11.552448721096559,11.807748981710187,12.147388722827246,11.766960038438777
NGC0100,mond,21,3,19.895843985560987,1.1053246658644993,29.029411298731254,25.895843985560987,-12.581919634737151,,,,,,,,,-0.5235375396825993,-0.6096625888908358,-0.5289767215203013,-0.44561501458148406,-0.15490204747863434,-0.2569227522260217,-0.15472710441146625,-0.05670613890384542,1.1689169937454804,1.0703118370159637,1.1811077101246106,1.2852424501627593,89.00133528749848,87.87246630122965,88.75169532005529,89.50833537115781,,,,
NGC0247,nfw,26,5,42.38545236082054,2.0183548743247877,58.67593505092795,52.38545236082054,-21.705240866783125,0.7540251479920924,0.6966876545982814,0.7472830162868266,0.7877450004895868,1.9826823953559298,1.9511981923458046,1.9842868690780193,2.015743757571911,-0.20225463616810369,-0.28374237223417426,-0.18056785214853766,-0.08608029751935535,-0.15490196894426525,-0.25671600248536824,-0.16067762036106176,-0.054912641767843794,1.0098805266058073,0.9586555718002613,1.0108301159626525,1.0617705985268149,74.33339843973565,71.40575174692498,74.55299605652665,77.5485158125416,11.35671136222902,11.455977392425664,11.550348057907339,11.451163971259396
NGC0247,lcdm,26,5,43.40777388672079,2.067036851748609,59.6982565768282,53.40777388672079,-23.532628491580265,0.780806711864882,0.7391688014525273,0.7782446598931478,0.8152915595244519,1.9782577694063992,1.948313086605902,1.9759106932083474,2.0063932465076686,-0.23952654777779994,-0.3232048782752277,-0.23018542528088426,-0.14213091690118235,-0.15490198113751652,-0.24291679394102128,-0.1490892088447432,-0.044620680642358836,0.9922429214055367,0.9406502120448587,0.9929219267890743,1.042689385227839,73.90133471923923,71.24299470435953,74.09139718824343,77.15388583972226,11.348056045009312,11.43084886481665,11.522296524714612,11.437890093410804
NGC0247,mond,26,3,72.2111396247314,3.1396147662926697,81.98542923879585,78.2111396247314,-42.58836657901635,,,,,,,,,-0.10586005124751874,-0.1586802216234887,-0.12162742933876264,-0.08796204308349972,-0.1549019590437114,-0.25319675307226336,-0.15534837877072447,-0.06433120950230804,0.8719669833203189,0.8589005010042212,0.8847747915365811,0.9215979613586583,68.85603225716635,66.51686292172737,68.8874183812695,71.69849403441981,,,,
NGC0289,nfw,28,5,44.89835270202734,1.952102291392493,61.55937525290336,54.89835270202734,-23.097764577531688,0.7164181891225492,0.5818214953582607,0.7067249115260061,0.8287012135890511,2.09901230798127,2.0630124524571936,2.0960746797188476,2.1375703328635542,-0.3171079852599401,-0.3941445665048633,-0.325465026751387,-0.24911890612181786,-0.15490196845418922,-0.248694314411824,-0.1556686100923536,-0.058826496937055876,1.227048606757789,1.0624573847260073,1.2693282525482217,1.4717318129295163,49.34106704811802,44.70079500694284,49.515570699850706,54.08330618770159,11.692154142563187,11.79134082434815,11.91582778378227,11.800153709135415
NGC0289,lcdm,28,5,46.89410044703336,2.0388739324797114,63.55512299790938,56.89410044703336,-24.072467604449173,0.8379234369311098,0.7500235276671398,0.8404768062388784,0.9194985647259462,2.097424331757506,2.0655143999525514,2.098360997795025,2.1353481363736293,-0.29877902817436797,-0.3828655633729706,-0.3091864023827198,-0.231066174753159,-0.15490197665235195,-0.25101879310357755,-0.14742659537096392,-0.04467045771604014,1.0993218752047729,0.9532410723132377,1.126721316098326,1.3168865489521773,48.104207799629705,43.69602949991612,47.8429669575595,52.27559100734617,11.69965998504926,11.79819977857668,11.909161194312494,11.795389780464124
NGC0289,mond,28,3,51.16169176248397,2.046467670499359,61.158305293009576,57.16169176248397,-29.589483872467525,,,,,,,,,-0.047928987638210754,-0.08707304902532675,-0.047455794750105536,-0.007054153158874546,-0.154901960652581,-0.2654870890777033,-0.15847926793262992,-0.05618278918112847,0.7207584141227674,0.6208558060655055,0.7376482230494911,0.8977163028090063,42.984829426246094,37.899261309024496,42.30774620781679,47.03829854028302,,,,
NGC0300,nfw,25,5,14.846837230018426,0.7423418615009213,30.94121635435943,24.846837230018426,-7.433116208051601,0.8369028766879205,0.4503875223322235,0.7749757498958192,0.955705842820983,1.9954245261908596,1.9668629988897355,2.0368639530897275,2.1464241584047197,-0.29571516999639,-0.37225701142328954,-0.2723593427905868,-0.17757055688221418,-0.15490195734307005,-0.25198583244134953,-0.15711341653160257,-0.06317823269025369,0.9992708547095899,0.9512624590688268,0.9961355431686164,1.0462863179059434,40.721702905968094,33.28831159666933,43.310494998217344,53.278054469025555,11.403705781860813,11.61370864446079,11.942389260405765,11.489390363764185
NGC0300,lcdm,25,5,14.776060367370338,0.7388030183685169,30.87043949171134,24.776060367370338,-7.669524553754815,0.925209141498667,0.8178472674382238,0.9034404476604067,0.9863311635685278,2.0198074189015363,1.9640543777569184,2.0226118873233445,2.0787333343856043,-0.3044713690016996,-0.40233790350213317,-0.30862023179812687,-0.215704927735321,-0.154901937501766,-0.26260088226148426,-0.15684315536681287,-0.052075265681909,0.9961214579379277,0.9507371823812291,0.9960723822632465,1.042358735870916,35.572481839173705,31.190919681559745,36.70326035159557,42.21903899589896,11.395279918462363,11.570952447161641,11.739316788348418,11.562539041896216
NGC0300,mond,25,3,19.493007099972232,0.886045777271465,29.149634574576833,25.493007099972232,-10.342535181043564,,,,,,,,,-0.39611390113526,-0.4508785002412529,-0.39658188632390395,-0.34285434293686495,-0.1549019624732716,-0.2522585360941284,-0.15310570772639998,-0.053176989018107565,1.0037954765366408,0.95551507956487,1.0017186191133967,1.0486556200248802,47.30787996409353,45.32182869386042,47.37800996166956,49.45712572521511,,,,
NGC0801,nfw,13,5,54.130267214529624,6.766283401816203,66.95501400183731,64.13026721452962,-27.508665713576644,0.043711933038832015,0.047746152007816234,0.16421920345618365,0.32612925942078663,2.4310397833911903,2.303787521465444,2.372017031940504,2.4286935352250807,-0.21159332969774342,-0.2543477451398934,-0.21561316544631315,-0.1754975959056283,-0.15490195333375767,-0.24536798800885667,-0.1464108856281498,-0.049760840070569856,1.0294661229119848,0.9356604861114843,1.0252965570581094,1.1152274704843503,80.01863466558858,79.14246703180633,80.11929957546236,81.11423938582065,12.414479349587937,12.61916788101312,12.789197390866848,12.796236135365177
NGC0801,lcdm,13,5,62.23215780294195,7.7790197253677436,75.05690459024963,72.23215780294194,-35.199278201956666,0.6269671613966408,0.5292965360506252,0.6230550369935997,0.7141234739483299,2.208509043736984,2.179393679566371,2.209379544624893,2.24308081189291,-0.20053441283487752,-0.24711325373598186,-0.2033319816253629,-0.15805823889354953,-0.15490193117471918,-0.2431121043403516,-0.13951972046448755,-0.04330420041969035,0.9252756767711117,0.8450810405876434,0.9313218128858158,1.0201045091256349,79.97499016700903,79.08642979895097,80.02746322798049,80.9782106409002,12.04129782389072,12.131255419066285,12.232359220870336,12.12864391640256
NGC0801,mond,13,3,211.56272994032787,21.156272994032786,219.2575780127125,217.56272994032787,-111.58063212920833,,,,,,,,,-0.23814003484489843,-0.2530453079830664,-0.24260628455748612,-0.2326221761364946,-0.15489564088155716,-0.2578544393427783,-0.16725660516311394,-0.07080620712886418,0.7000000000000131,0.700680283730151,0.7027353639356267,0.7069489926572232,78.51574274570953,77.68687866979738,78.58536411662203,79.56760860025268,,,,
NGC0891,nfw,18,6,40.99852862360312,3.416544051966927,58.34075917098011,52.99852862360312,-29.298831797616952,1.3575348556256608,1.2985050242317493,1.3585354412693535,1.409214254467357,2.1012492333268966,2.0870694502690803,2.1015893424409082,2.1188989590177756,-0.679601178516378,-0.7409787706292535,-0.6839572724913979,-0.624837013259163,-0.27712264161696154,-0.32921242414129265,-0.2752100237074065,-0.22561529270163713,0.9328044861150728,0.8884881380951937,0.9321354797448144,0.9808066307388261,89.99999951777,88.52219880604424,89.26552527399441,89.77216811806332,11.764325135998847,11.807884812514331,11.859813662244933,11.806864485172296
NGC0891,lcdm,18,6,48.7665602800757,4.0638800233396415,66.10879082745268,60.7665602800757,-34.962261790907654,1.2613024655626823,1.1994783860708307,1.2583847364448104,1.3164797048419037,2.1268626720808603,2.1111117292997053,2.1272204996459703,2.1462619182916534,-0.6236716464865921,-0.6788311147762588,-0.6215030484809849,-0.5715260280986545,-0.2706678032384182,-0.32537818421097753,-0.26991908798689995,-0.21729129513822454,0.9619778133784613,0.9178833822723924,0.9617837565921642,1.0085218571424042,89.99999899978309,88.4775213174794,89.2610089919063,89.77748125468683,11.836451973090721,11.884778284129517,11.941902540066566,11.883704801434188
NGC0891,mond,18,4,109.85568273613208,7.846834481152292,121.41716976771674,117.85568273613208,-63.903058462318725,,,,,,,,,-0.49652526560223637,-0.49498776342993556,-0.47882732194031574,-0.4593048181523488,-0.38136595564582443,-0.4281540242401644,-0.3794522744262563,-0.33598491072718245,1.151362260331644,1.101192761241585,1.1272977540764237,1.144337289807873,89.99999680531096,88.63885742472472,89.34515269691013,89.7998236224734,,,,
NGC1003,nfw,36,5,76.7627465148555,2.4762176295114675,94.68034120713604,86.7627465148555,-39.00076647999526,0.5604432644953596,0.4288198132168129,0.5383109295339172,0.6401440372637311,2.060513715583675,2.039739112852917,2.064893308932306,2.0921252961720147,-0.19137776468056628,-0.26369954150140196,-0.201947146456737,-0.13510265459156365,-0.1549019354711684,-0.2664496480881227,-0.16410201989186843,-0.06794295502684358,1.0554456432005253,0.9258727805759157,1.101871216621638,1.3051517688583247,67.23807962922368,62.02551754177418,67.08170335525327,72.29178522336356,11.622334123750358,11.697796711988524,11.779492673707649,11.684657931942631
NGC1003,lcdm,36,5,76.9185330159565,2.4812430005147257,94.83612770823704,86.9185330159565,-42.61622265819685,0.7421958519002916,0.6615175212126595,0.73797882244894,0.8148476149122327,2.0279343739784643,2.0058426546612473,2.0290615695406906,2.054031877983645,-0.10854362038937632,-0.1848738825492531,-0.11233444759342018,-0.04285912994405008,-0.15490196755241775,-0.25062607504992496,-0.16017208451554477,-0.059782078125036636,0.7806528922099099,0.6725505469845374,0.7873613694966147,0.9166888908197326,67.0706453945252,62.4493478869753,67.36725408667749,71.8856607505122,11.520644749175348,11.590301493813678,11.665212419142541,11.586919907127
NGC1003,mond,36,3,159.16649435992764,4.823227101815989,169.91705117529597,165.16649435992764,-80.41353186406305,,,,,,,,,-0.4288002266081638,-0.4612599256192099,-0.4312473297925341,-0.39872342706820363,-0.154901956875993,-0.25780457100599985,-0.15857158292269527,-0.06299649828664029,0.9511141241228779,0.8945961112987462,0.9582333992284962,1.0375450042459318,66.80683409705378,61.70088367951665,66.4280820726929,71.33250912973826,,,,
NGC1090,nfw,24,5,51.769070920719145,2.7246879431957445,67.65934007245887,61.769070920719145,-26.094192321257648,1.045772911588656,0.8760551791431336,1.0224366590074054,1.169535259497522,2.050523705834381,2.027276462367011,2.054702165159644,2.08139558486434,-0.28823849500036247,-0.36836063602245783,-0.2923907404345775,-0.2139564421194581,-0.1549019579973943,-0.24625581921280967,-0.1538688211715818,-0.055085382145578426,0.8436761630446028,0.6845048394585999,0.8677188083678553,1.0519238291801434,63.671953040259694,60.85882303472422,63.90515346420471,66.80115950167934,11.58494617229264,11.667223280670537,11.747303539784626,11.654687902694748
NGC1090,lcdm,24,5,52.17475259893504,2.746039610470265,68.06502175067476,62.17475259893504,-26.22249867122593,0.9896551125710116,0.8842342378861234,0.9731765550275697,1.05567762983344,2.0593297882283794,2.0437268144321905,2.0628337453478185,2.0826924880083317,-0.29140528005081007,-0.37710762491543837,-0.3028759931820802,-0.22210702155292367,-0.15490196374637277,-0.25596051786249907,-0.15499263331703445,-0.05424706547219878,0.902419860640069,0.7986693530243578,0.9320553385728629,1.0762195703615802,63.73667099847731,60.78815010792519,63.75421736954081,66.57955569017452,11.634297228488178,11.691618021235062,11.751194249216601,11.681106149876744
NGC1090,mond,24,3,52.42620990389657,2.496486185899837,61.96037139494041,58.42620990389657,-28.817533108027895,,,,,,,,,-0.12293991752271105,-0.1646241770890857,-0.1261971911660854,-0.0863279120536531,-0.1549019436366912,-0.24868031417648143,-0.15271053898393128,-0.049573983226911644,0.6463978598923001,0.6088273886699072,0.6538795744901256,0.7060709299766027,63.42530504793751,59.92431667318836,63.03338988153456,65.95168724559052,,,,
NGC1705,nfw,14,5,1.3555900407408328,0.1506211156378703,14.550876688817125,11.355590040740832,-0.6789484816466759,1.5767072206648995,1.4852661576431916,1.579973965284825,1.671937871175911,1.590616626757212,1.565326673373019,1.597797347575149,1.6319039289551696,-0.2963183299072311,-0.3911072140539195,-0.28658944363627037,-0.18782810683027965,-0.15490196023446223,-0.24892274217583754,-0.14600771571409024,-0.042259957817552596,1.0003009866784671,0.950068938128467,1.0010093116553227,1.0498410378791974,80.07181598184278,69.94289757420442,79.06966849593795,86.03331162144214,10.199096805310662,10.296508827917053,10.398828572057115,10.274966665463243
NGC1705,lcdm,14,5,3.9762249073476332,0.44180276748307035,17.171511555423926,13.976224907347634,-6.58051725875755,1.3648109094390652,1.275496720459533,1.363892276335538,1.4500639079757467,1.661200255347654,1.6329354738686321,1.668793176393047,1.7092395480855564,-0.17337350417910305,-0.2816035294041048,-0.16832459365020197,-0.06060624266634448,-0.15490195771267853,-0.24762228429125047,-0.15331376588438297,-0.04449385362991584,1.034179418144862,0.9852561235746722,1.0354640650141091,1.0803866928169412,84.17321397221889,75.40555922817909,82.09043475320122,87.24156961521241,10.401923206797502,10.509496314370748,10.630835429448275,10.486717551234568
NGC1705,mond,14,3,4.250028829271953,0.38636625720654116,12.167200818117728,10.250028829271953,-11.207456246338545,,,,,,,,,0.08177144349833872,0.05103825072181421,0.09243100938630924,0.13673051280918688,-0.15490195958611397,-0.25480775014044904,-0.15394621674289638,-0.05291096148143315,1.0880662254198736,1.0445782092773064,1.0844684201710926,1.122495353627042,86.95237956783163,80.316444910528,85.15019255110559,88.50283163955054,,,,
NGC2366,nfw,26,5,73.4437786577803,3.4973227932276334,89.73426134788771,83.4437786577803,-38.73465779037823,0.45099188883838914,0.1505107610146947,0.35022333569547537,0.5140394556921688,1.9716484546413584,1.9254060170186014,2.0672389899448755,2.2334306640624977,-0.4622849788668132,-0.5278528469620962,-0.45112765674010086,-0.37954604071733905,-0.1549019457560924,-0.24762574925908284,-0.14882880208470428,-0.049674770508971455,1.0380400512429764,0.982611496685455,1.0326911113638637,1.0799637488005025,72.52990478099943,67.99430600965235,72.46383778501468,77.02145622459592,11.27933483624741,11.704833755026232,12.2034087773791,11.41806214911568
NGC2366,lcdm,26,5,76.76107670310175,3.655289366814369,93.05155939320916,86.76107670310175,-45.94242741709209,0.6728050394274738,0.5940651312980405,0.6597535737183667,0.7212876170114058,1.8102107376166916,1.768153852009003,1.827269201091543,1.8920106349554155,-0.5113520007573569,-0.5899170172219139,-0.5115237299610906,-0.43586702173797776,-0.15490196710847803,-0.2523676595624685,-0.15125493239352086,-0.049369454577031666,1.0051819702434823,0.954749891381181,1.0042113981117784,1.049675895086014,69.8247167891841,64.90237134291874,69.67224715788677,74.4514963024415,10.807578341218615,10.984924388466236,11.179148690057854,10.93374899804168
NGC2366,mond,26,3,42.19270499226273,1.8344654344462057,51.96699460632718,48.19270499226273,-29.032986714206018,,,,,,,,,-0.5806286368421905,-0.6550268484286498,-0.5880274567625907,-0.5261010065970307,-0.1549019628214788,-0.25160943026626065,-0.15541746147064833,-0.055215120780323416,0.9459988153871635,0.892027536659873,0.9323300374998645,0.970525456928114,54.925514502104605,53.93980308389354,55.54741219061827,57.69943294949602,,,,
NGC2403,nfw,73,5,610.3327455789573,8.975481552631726,631.7850427846993,620.3327455789573,-312.9083470357086,1.284097175621199,1.246685315924129,1.268031766269838,1.2898937013272465,1.9721447029073857,1.952585445835027,1.9639055469944093,1.9724506942503055,-0.40215095293377623,-0.4764748869217279,-0.42683238833978004,-0.3835688696844289,-0.1548847665818459,-0.2547104471470678,-0.15973671588424976,-0.06472492799592952,0.8816726771482153,0.8627310906799315,0.8929244534903911,0.9310900193128434,54.00000000085062,54.55311681610775,55.89643590599512,58.18320814315978,11.360873122696686,11.394833426174834,11.420468867942523,11.419550893913764
NGC2403,lcdm,73,5,613.682308821338,9.024739835607912,635.1346060270799,623.682308821338,-316.50340364863285,1.2675762071411742,1.2348682899400625,1.2586951464486749,1.2802129340969055,1.9718829015674264,1.9553194931789162,1.965460253825601,1.9741457369504805,-0.40036660680128244,-0.4632260018625391,-0.42054603740368784,-0.3776724638576798,-0.15490190975703522,-0.25146556808928516,-0.1499530671639294,-0.05027644964839595,0.8997986492116881,0.8695831016117066,0.9054830363320381,0.9497507176649199,54.70574713447682,54.65755202799763,56.066321181617894,58.285176575440246,11.369075264728355,11.399497546668409,11.425553996043048,11.418765489893886
NGC2403,mond,73,3,973.4625469064829,13.906607812949755,986.333925229928,979.4625469064829,-487.8380338212129,,,,,,,,,-0.29809411268166663,-0.30395423137606575,-0.2982601519293582,-0.29219410658312045,-0.15490189356546616,-0.2571709350441467,-0.16006306830698785,-0.060978744671782575,1.0541664486698932,1.024299180405451,1.054458328479153,1.0865783602387546,66.10063286624683,64.19543175074648,66.07968216208405,68.0453836242083,,,,
NGC2683,nfw,11,6,7.505079503342339,1.5010159006684678,21.892451140132565,19.505079503342337,-3.781570510079125,1.3272145796595143,1.1423727250142306,1.3138931548608612,1.451324930416414,1.9898208033697262,1.9684473730716303,1.9917202162303471,2.020757042351017,-0.3138150546061105,-0.3865419524538147,-0.3055882667115477,-0.22778516229430498,-0.1737099548250624,-0.2729045541808552,-0.1800170144579749,-0.08398479542157586,0.9966304568836879,0.9540904775401918,1.002285942787153,1.048716435382399,79.78840633670063,74.96974269988914,79.84629636707984,84.48150959293936,11.408458904406498,11.478277433882647,11.565387912244658,11.472579195300785
NGC2683,lcdm,11,6,8.97059489817027,1.7941189796340542,23.357966534960497,20.97059489817027,-5.223759184640505,1.0542080232437359,0.9389101485206438,1.0470627900736758,1.150338297319519,2.02649262331175,2.001917891704229,2.0299674094198825,2.06166264321991,-0.2172928219690119,-0.26288539051253423,-0.21188930514144536,-0.1657785638906454,-0.1673888011645474,-0.2616782321443344,-0.163019345300686,-0.06575274327604486,1.0139108208471694,0.9638605372435509,1.0133350550077362,1.063479821264044,80.70440466391071,75.80604534777147,80.17122451024044,84.84792050606842,11.508870460304292,11.593019013451254,11.688104714851335,11.582594655126856
NGC2683,mond,11,4,19.80280473550709,2.8289721050724417,29.394385826700574,27.80280473550709,-10.290151210367984,,,,,,,,,-0.27400473388528335,-0.31795158763256104,-0.27449573168309055,-0.2313605876682937,-0.14352857552772544,-0.23824314974972863,-0.14422489949147166,-0.04714121545341386,0.9667442938800741,0.926768736036014,0.9722049981589123,1.0196285476127533,77.50878667018152,72.32748786269696,77.36776042820239,82.71883551627037,,,,
NGC2841,nfw,50,6,64.97065869602231,1.4766058794550525,88.44279672859119,76.97065869602231,-37.272977297404765,0.7429491136739776,0.6833706555227101,0.7503794879991522,0.8122933781525973,2.361199880035846,2.343086043556067,2.362540803965869,2.3846897010479777,-0.0220027614675928,-0.05809924131906047,-0.019272317048348073,0.02228338915631011,-0.07845640201176231,-0.11922544261393567,-0.07614969359499385,-0.03274618709429205,1.0944460590164806,1.0171532747077277,1.099417180276785,1.183255335422012,81.4816928598512,74.30512147141566,81.31157895736641,87.16217396766271,12.532374915859808,12.590739197089214,12.65718588833554,12.586716425299144
NGC2841,lcdm,50,6,65.32198834167332,1.4845906441289392,88.7941263742422,77.32198834167332,-37.73218267406857,0.7732061560071742,0.7198886583039479,0.7782145808336032,0.8332647240227512,2.353453600558797,2.339224300599098,2.3583905512746517,2.3794991098134304,-0.020729444445167645,-0.05533139170938411,-0.009982387445419086,0.03458012348412613,-0.06670286095713454,-0.10193658112783553,-0.058893859862857965,-0.013158584982892673,1.0740677596828756,0.9940379912650822,1.0765787498922743,1.1595858267355386,80.9579275864578,72.39970724233419,79.58352720233945,85.93998218538279,12.5207896869889,12.578288439015562,12.641614114631897,12.563477586867997
NGC2841,mond,50,4,69.72602722855439,1.5157832006207475,85.37411925026697,77.72602722855439,-37.92992629076965,,,,,,,,,-0.12286611903116676,-0.14565978678479916,-0.11962941888898958,-0.0934516861568415,-0.07229811775807986,-0.09655450688386912,-0.07358870249973837,-0.05078349840972823,1.1337981829944033,1.1080993012326266,1.1405509437143246,1.1845419954764376,82.79255659372814,76.69343299386217,81.89697232035999,86.49932893580863,,,,
NGC2903,nfw,34,5,183.93713145320513,6.342659705282935,201.56893407628593,193.93713145320513,-93.40120188068326,1.6838354295965288,1.6004149851870952,1.6921924641089316,1.7865448964156507,1.9684023504368238,1.937225129561781,1.9692405311714998,1.9973453673844819,-0.36245261144447105,-0.45396234363195737,-0.36748218198903354,-0.27604818617131505,-0.15490196894679867,-0.2592384875915331,-0.1580672252758585,-0.06391397545371516,0.5284453851802299,0.41205928823328564,0.5274639350590917,0.6604609084898538,65.60552396614685,62.28287784717707,65.35849834136407,68.74574512597609,11.314792173876949,11.410838378706107,11.495152887345052,11.408323836502078
NGC2903,lcdm,34,5,189.19757894653512,6.524054446432245,206.82938156961592,199.19757894653512,-106.18000379485714,1.4136424173128375,1.350336562937933,1.4117584721411642,1.4745960228687351,2.0405466798249003,2.0223501563968185,2.041640542901413,2.0607929774312885,-0.5490275058819838,-0.6296907476195996,-0.5568889360407379,-0.48883387210003637,-0.1549019618250655,-0.2523087437691397,-0.15696579236902364,-0.05638490677182008,0.9750397353475408,0.8386712626330743,0.9961248674095916,1.154810953922095,65.50073589734973,62.664423575004434,65.71430649880318,68.62941054087001,11.570167254382062,11.628038413895846,11.685495717485471,11.624756824666306
NGC2903,mond,34,3,274.1344874281689,8.843047981553834,284.7135690020174,280.1344874281689,-142.3816445709012,,,,,,,,,-0.5854909178951131,-0.6035933843577694,-0.5847608984566374,-0.5659015490895855,-0.15490193516010203,-0.25941044182023454,-0.16182485730175314,-0.06109028876158976,1.466950717887809,1.4046304185161,1.4686301982062526,1.54339527450579,67.01425020590561,64.0438132733235,66.9090239861408,69.63462589789012,,,,
NGC2915,nfw,30,5,24.24645181080409,0.9698580724321636,41.25243871911486,34.24645181080409,-12.667508341468482,1.2169360566910834,1.1356215111790064,1.2117609723938845,1.28447520347608,1.7878854152127892,1.7616262087696317,1.794909655850797,1.8293470877558802,-0.3938254598545421,-0.48752028784573587,-0.39529773530083584,-0.301184726840384,-0.15490196966427172,-0.25364023270279795,-0.15328888741539287,-0.05530287902016945,0.9895605257884599,0.9437828708874659,0.9896508795507655,1.038219743227445,54.29094455993676,49.90409316090784,53.81269137229229,58.046154687138255,10.787995411500502,10.887845752743997,10.991158048459246,10.866773030829973
NGC2915,lcdm,30,5,25.136545054646653,1.0054618021858661,42.142531962957435,35.13654505464665,-13.648904393519107,1.164489952921015,1.0974027617225668,1.1606802160434984,1.225192678092883,1.801398439229509,1.770981521231792,1.8032104175864019,1.8392821834033097,-0.3852736946791369,-0.4776077781985249,-0.38804450984122824,-0.29577389703843626,-0.15490196202244688,-0.24887108358316473,-0.15293600455280568,-0.05558535898102127,0.9989612567147056,0.9487345033627186,0.9955239422863573,1.0432379729529753,55.445225719481094,51.70257782560572,55.59522704390863,59.51529273494811,10.816061348886983,10.912748037950813,11.020963335401534,10.907312102880134
NGC2915,mond,30,3,61.11549215024537,2.2635367463053844,71.31908429523185,67.11549215024537,-39.37001997496043,,,,,,,,,-0.13059264978485124,-0.14883857038321988,-0.0930596985467162,-0.041538938260922295,-0.15490314687925802,-0.2558228433515503,-0.15123023462856117,-0.0498896654400848,1.1178118640713526,1.077487406433216,1.1101516276579282,1.1346840270662466,67.99999999676375,64.55547588778583,66.32903649669157,67.52228604338345,,,,
NGC2955,nfw,24,6,72.38403546036474,4.021335303353597,91.45235844245242,84.38403546036474,-39.47128538531472,1.0975649560307503,0.9457636167415375,1.0881740403499074,1.2151545840638225,2.264406511270262,2.217336469852966,2.2663599041162565,2.314789617368635,-0.5091000721908205,-0.5768189080358234,-0.4971071982118292,-0.4215394241478753,-0.05697153989190702,-0.1259975446963842,-0.06146755418486012,0.00488077845784439,0.9499623931255586,0.8448326649925464,0.9417455284682951,1.0478015312898363,48.92924660905066,44.219743926750645,49.5046205719684,55.43577896186229,12.155126194750505,12.302196497540375,12.447485637297511,12.296336319002393
NGC2955,lcdm,24,6,75.39381832868547,4.188545462704749,94.46214131077315,87.39381832868547,-40.266017392936604,0.9790856553487339,0.8802530645359278,0.9635287231282113,1.05289958382894,2.2813406005563217,2.235197674636892,2.2857305014329037,2.3390087454389556,-0.4873587685630991,-0.5645307308774865,-0.48570213852793864,-0.41349271712898605,-0.08465533605418232,-0.1427633830302707,-0.0857102714405163,-0.02840834816969201,0.9739095892666089,0.8879485868204647,0.9724441564649976,1.0650443375403649,51.51312190426903,47.145881686567165,51.91341772075636,57.131846046635474,12.208709809102283,12.360308289490318,12.520143021508474,12.347138586860572
NGC2955,mond,24,4,82.50320308113845,4.125160154056923,95.21541840253023,90.50320308113845,-42.62851450903123,,,,,,,,,-0.45232935576170025,-0.5270259335974966,-0.45897390943084315,-0.3887859828269111,-0.10412805057420026,-0.14377429714884418,-0.1076095277323377,-0.06951624795623647,0.977737007417509,0.8849584765543929,0.9726715429907746,1.0642893005105698,53.22271677914312,49.81422387492479,53.69281571284225,58.375241752484996,,,,
NGC2976,nfw,27,5,18.44875918674844,0.8385799630340199,34.927943516770085,28.44875918674844,-11.525976532834184,1.3450328426657292e-12,0.08593202854218349,0.27439928608194586,0.5194153993125858,1.0000000000006097,1.0993630536295573,1.3301647811984736,1.737501407706145,-0.1386941171790112,-0.1928436452788269,-0.15418498795298008,-0.10645869185294637,-0.15490192964433253,-0.25747902861573346,-0.15666806986807752,-0.05803967552127165,1.0303073665627096,0.9781416062775974,1.0267073776972506,1.0772891722793139,73.66710934558569,66.87068057228,73.93771575519038,81.31848388407911,8.801205946080279,9.493611128787027,10.715621008310041,8.503116785193436
NGC2976,lcdm,27,5,26.537628649395646,1.2062558476998022,43.016812979417296,36.53762864939564,-16.27674587127991,1.1075375209013774,0.8964680614005769,1.019906743973253,1.124317041371351,1.0,1.0277139266301685,1.1115206336562347,1.319111340882834,-0.15159560781430764,-0.20161478615089534,-0.15637841374541367,-0.10949025001560661,-0.15490191297890665,-0.25169545902179385,-0.1609924481692125,-0.062014352008953,1.0252455076946903,0.9708095508994586,1.020090647842876,1.0715525845334526,71.92701550649323,64.90997116137348,71.36460104036283,79.11228945638588,8.586258565082112,8.83767868616031,9.460450807840108,8.503116785191606
NGC2976,mond,27,3,31.28986709959567,1.303744462483153,41.17737769760866,37.28986709959567,-16.597147565868227,,,,,,,,,-0.4389501311616675,-0.5363808210607942,-0.45154835671448323,-0.3662573106168633,-0.15490196595734385,-0.2614945944438069,-0.1573444740270319,-0.053461596036222844,1.0006076783125075,0.9473267364104212,0.994238618873751,1.0421597540987835,61.45668173296871,57.3136342642066,62.92014856389028,69.46614438472025,,,,
NGC2998,nfw,13,5,24.404370555789598,3.0505463194736997,37.22911734309728,34.4043705557896,-13.004605797047821,1.2253495521926898,0.790875333543443,1.1032372186775778,1.2824753049927313,2.1251499506927845,2.1154183276641207,2.1402150206047668,2.184541333450197,-0.41908454263475736,-0.46928231252260744,-0.33152026242670585,-0.2132121151441125,-0.15490195558147057,-0.2474003231837901,-0.14924645606258308,-0.05535021373759484,0.9336291853489345,0.8430161349275951,0.997260138854724,1.1513538547249615,57.75672547584094,55.84309622021208,57.90346160821879,59.92825237400369,11.849371768183968,11.923761847005906,12.056740785542198,11.878566637269959
NGC2998,lcdm,13,5,27.222850007943457,3.402856250992932,40.04759679525114,37.22285000794346,-13.739498737857446,0.9572824139755222,0.8492280298654404,0.9688769422157177,1.0770852391735102,2.155188797996378,2.136068274157813,2.155783873289544,2.1777659743460207,-0.28542019184223166,-0.3872869464706671,-0.294822652076829,-0.21310818118103245,-0.15490197408556777,-0.256242603781332,-0.15512811973457713,-0.05027324870205241,1.055788241234958,0.9385345711988341,1.0568452956596992,1.171374497092839,58.204218989086186,56.330765554193434,58.26319713440436,60.088207395553965,11.911321607665046,11.970468405060238,12.036414708229668,11.96868317918074
NGC2998,mond,13,3,34.9783795545826,3.49783795545826,42.67322762696721,40.9783795545826,-21.920904833206208,,,,,,,,,-0.07983126245722055,-0.13103183268100776,-0.08283699931243671,-0.033079376724127495,-0.15490195390329292,-0.25338788077898766,-0.15015284286102626,-0.054004503532057366,0.7080905931851714,0.6602104035570919,0.7146515475684889,0.7672298616350448,57.16997547303794,54.999951443761574,56.99411659006661,59.051357921622845,,,,
NGC3109,nfw,25,5,198.24666019948737,9.912333009974368,214.34103932382837,208.24666019948737,-99.6935814266339,1.1206825879214734e-13,0.009580309494051996,0.03894699378800333,0.09770297154747469,2.443374594105854,2.3647266268417555,2.4163245956289376,2.464935150895348,-0.3852327577391128,-0.46688843845423833,-0.375203864926772,-0.2888796624695307,-0.15490198295290175,-0.24089391934349663,-0.14879946358802593,-0.05601692624961818,1.0185983490331028,0.9603066482940246,1.0137601466663417,1.066450135251023,72.76867635275838,67.27928243110604,72.60007837732668,77.22188400546953,12.597296665716874,12.75209057207842,12.89792223787765,12.833240567509169
NGC3109,lcdm,25,5,211.36829985351923,10.568414992675962,227.46267897786024,221.36829985351923,-122.36954991134971,0.26077392522216225,0.18535890496840332,0.25807924312615504,0.3266321015828999,2.2897207340956056,2.2316482566059914,2.295667573772837,2.3663835501581807,-0.38560205105809775,-0.47845527409540484,-0.39048228715259314,-0.3069583970344717,-0.1549019212033051,-0.25945403502238384,-0.1514154850058426,-0.05254238985595781,0.9663653748293,0.9137931590001115,0.9661678947557366,1.020031515981691,68.83558115530616,63.4554427608773,68.52274247045864,73.31230808209072,12.19806155500958,12.390119506510118,12.602267435666148,12.372278987478424
NGC3109,mond,25,3,85.28140292422877,3.8764274056467625,94.93803039883338,91.28140292422877,-50.94350227452571,,,,,,,,,-0.6472372787589624,-0.7223750916270774,-0.6474019159128391,-0.573617295693709,-0.1549019729992561,-0.2495818858962418,-0.14792107082330078,-0.051979650694006826,1.0866907186059924,1.055396862795945,1.0874560689476684,1.1200937582152368,76.90405136144162,73.85032178168274,77.07750116785992,80.4880036519207,,,,
NGC3198,nfw,43,5,55.497942577897724,1.4604721731025716,74.30394315636553,65.49794257789773,-27.81635174865833,1.015688951662466,0.9684266436886483,1.0173367957148383,1.0687135841459197,2.043019541725659,2.0325748032918347,2.043491643123265,2.054055390753645,-0.3364354099738685,-0.3844590476914388,-0.334645677860594,-0.2880635727979326,-0.15490193530667112,-0.26089437073882316,-0.15829279000821914,-0.06157673130658453,0.9906134666245929,0.899763849016046,0.9890416405496467,1.0843733419017478,72.91275112314969,69.9364613209276,72.70602294851615,75.5946946728421,11.60084119506711,11.633591714561401,11.665282957452542,11.632175410368584
NGC3198,lcdm,43,5,55.533811004452865,1.4614160790645492,74.33981158292067,65.53381100445287,-27.92541078345063,1.0063908257869558,0.9636607833298712,1.0069855322505512,1.052633137605517,2.0442251927172466,2.0349871470896836,2.0442371304536673,2.0538537906819863,-0.33738355007457477,-0.3876500817432144,-0.3395557249670893,-0.2904141451050639,-0.15490196801063144,-0.2471102679923538,-0.15485865814669988,-0.05472118324855207,1.003896425801945,0.9188171753379208,1.0035002675034117,1.0951124562749197,72.99927116660565,70.27533714973073,73.0819936345127,75.91580840525987,11.608078226460657,11.635828176552607,11.664678157237564,11.635792363343345
NGC3198,mond,43,3,83.99639648016195,2.0999099120040485,95.27999682724264,89.99639648016195,-46.34959053413168,,,,,,,,,-0.1308712907149021,-0.1460823618927111,-0.13265566962284345,-0.11808095890361685,-0.1549019485984665,-0.2529054587097637,-0.15217463153590494,-0.05162014130217618,0.7639579381102996,0.7358473688310764,0.7638335976635213,0.7976455671513087,71.11727184215326,68.3020992127985,71.27929243014559,74.47395294112962,,,,
NGC3521,nfw,41,5,8.896840732159601,0.24713446478221116,27.46470106568114,18.896840732159603,-4.479180924290523,0.05600452546527052,0.17672527987413222,0.4090957838624456,0.6838504654011182,2.899999993901676,2.378503453497687,2.6059735744165735,2.796604831801143,-0.2920171468698338,-0.3758086075287839,-0.3039205041597987,-0.22090897345607532,-0.1549017879625465,-0.26181476480820093,-0.1668179573648973,-0.05978939825726556,1.0680744867224468,0.9017152976882506,1.0856939525422118,1.2814999090184205,75.19097506404265,70.51137859110321,75.19768656034157,79.56661680319168,12.638627145684667,13.321037508441327,13.892931280595036,14.203116766896633
NGC3521,lcdm,41,5,10.557813949355609,0.29327260970432245,29.12567428287715,20.55781394935561,-5.552292500929823,0.808038470369843,0.6657166442109845,0.7952022697855343,0.9090749725643743,2.307449057090856,2.2261862309378877,2.3131632869056222,2.4161119219558884,-0.26756277397842365,-0.3480318506562847,-0.2792614071709787,-0.20835449443367654,-0.15490196673199647,-0.2648855764774721,-0.16650260676875375,-0.06331934595891275,0.9670198941692616,0.8464902148867856,0.9972150659561443,1.1633757002069312,75.0679670207884,70.34203509056428,75.20755573387838,79.73937980439548,12.18167547800527,12.442606645908473,12.751452551059272,12.425463956464174
NGC3521,mond,41,3,19.413717474875277,0.510887301970402,30.5544336749882,25.413717474875277,-10.092571540128489,,,,,,,,,-0.372328990546574,-0.42359686955714676,-0.3779561466328767,-0.3316461738437085,-0.15490196460516908,-0.2509993466863655,-0.15438133250059727,-0.05324488420932583,1.1509206692035558,1.0653073373540416,1.1709407938128333,1.282015553896065,75.44122436711716,70.53274748008033,75.65230717216022,80.28835664902219,,,,
NGC3726,nfw,12,5,19.078040671441936,2.7254343816345625,31.502573920381938,29.078040671441936,-9.618989415262343,1.0996526834996402e-13,0.06424328624756966,0.2204962504943131,0.46302523761563363,2.5654079471306175,2.2721141344488247,2.4270480297525676,2.5450360852148184,-0.26233495801423723,-0.3285875504406117,-0.26634264210182496,-0.20817140426494438,-0.15490195688984154,-0.25009855025714445,-0.1520142824558942,-0.06313191183551446,0.986581902672867,0.8559107296629522,0.9644361396963741,1.0716185724901404,52.94087251065041,51.0277121914432,53.036214722602914,55.06699256524245,12.31945918853808,12.78426087444931,13.138225040836062,13.199340626583458
NGC3726,lcdm,12,5,23.37032523160511,3.3386178902293016,35.794858480545116,33.37032523160511,-12.821480428892457,0.8180037812547347,0.707238310768139,0.8173636854250974,0.9210809864083416,2.12501166712112,2.0798461057290862,2.12169247529631,2.173850746366354,-0.30726212548727094,-0.3805581409701376,-0.30942525948152644,-0.24482315796137655,-0.15490196616860605,-0.25334677972309866,-0.15374684259716245,-0.051351626622494644,0.8569873716020386,0.7578819197819713,0.8637440688589778,0.9742469756677308,52.43094860967993,50.50228593790094,52.363471894689745,54.273961464152656,11.742655102378865,11.868194211080537,12.024669024290668,11.878151786554966
NGC3726,mond,12,3,26.524712821631162,2.9471903135145734,33.97943277099516,32.52471282163116,-14.709765834553966,,,,,,,,,-0.3407859240950456,-0.406522386227287,-0.3436656561914665,-0.2819195201048316,-0.15490192758041182,-0.24983154782213265,-0.15339786324719618,-0.061157343560786996,0.7802953069110526,0.7165547391868375,0.7865450343466682,0.8579254835252565,52.03161830937284,50.134280092198026,51.926095317187055,53.791474529703365,,,,
NGC3741,nfw,21,5,6.530386537838579,0.4081491586149112,21.752998726455694,16.53038653783858,-3.2668744042282234,0.5988179781158685,0.3692893964490745,0.5515509060380381,0.6595063202928998,1.8607441380585397,1.8161806351921488,1.9021387290519323,2.0488911010892688,-0.30672187724456856,-0.38779065754036474,-0.2936831089591457,-0.20200182353592055,-0.15490196932369327,-0.2528418345613416,-0.14957367702637436,-0.052803843540153474,1.0004232155451103,0.948220823649703,1.0037340374512866,1.0547998294713763,70.03063542128479,66.35194793084514,70.39605087901417,74.26268221727793,10.951658690768053,11.209532972347404,11.649790088459412,11.085349199367226
NGC3741,lcdm,21,5,8.26963503998356,0.5168521899989725,23.492247228600675,18.269635039983562,-8.457507420220328,0.7311895844348621,0.6658544512744657,0.7317281630067218,0.7901606765903538,1.772211927656162,1.7288424496128438,1.7761367275628726,1.8290276040555153,-0.3326497413878492,-0.4317614799454407,-0.3349236741942261,-0.24777658643112618,-0.15490196031618375,-0.2523601655378284,-0.15435380575847024,-0.05173846607270596,0.9678312811970209,0.9180237655532262,0.9674776017579829,1.018615363612069,68.17657033165929,63.80953801627193,67.78103461499595,71.87423580990072,10.689644134030138,10.831526967880224,10.990199597358153,10.819752568160093
NGC3741,mond,21,3,13.256947637717202,0.736497090984289,22.39051495088747,19.256947637717204,-9.080103822545817,,,,,,,,,-0.4921481065270525,-0.573972613043091,-0.4956859052306417,-0.42352516626473247,-0.15490193991055817,-0.2568713225665112,-0.16017959029704149,-0.05781759868596953,1.0451693967846711,1.0085592545749429,1.0430944683872525,1.0804255268713638,72.89330455921785,70.28389799448024,73.07606824583584,76.1725935742517,,,,
NGC3769,nfw,12,5,6.548991603976153,0.9355702291394504,18.973524852916153,16.54899160397615,-3.914206555668989,1.044623420633801,0.9321798900778319,1.0450142196750207,1.167175484471491,1.9515878292058244,1.9167906298576465,1.9522839252090458,1.9879576259193206,-0.4008616295311416,-0.4835062511579282,-0.3983188042504526,-0.3227757136980318,-0.15490195306353732,-0.2470318993150473,-0.15358944167201413,-0.05401170005424428,0.9272024085670327,0.7914375067951345,0.9227929912520763,1.0588960398276197,69.82043977015886,67.78999817272071,69.78956417726222,71.83387931092985,11.253488674764546,11.359968560818743,11.466989662949569,11.35788027280908
NGC3769,lcdm,12,5,6.862721705299198,0.9803888150427426,19.2872549542392,16.862721705299197,-3.9816716172706657,1.0134942304603096,0.9188234334914632,1.0048495261388226,1.0930794652489628,1.9593343846466784,1.9332448912908087,1.962567627726282,1.9930411429099972,-0.39631339646221747,-0.47602146907308984,-0.3954551414029324,-0.31670881750753194,-0.1549019448980537,-0.25632203992157104,-0.15521853221761028,-0.06007083976205636,0.9516530296415511,0.848428723377082,0.9547120460169569,1.0671302722149414,69.8659422702692,67.7912416340231,69.71836609853808,71.72875978204301,11.302851459064033,11.390819668370453,11.482240213921598,11.381119939131642
NGC3769,mond,12,3,8.608715651493403,0.9565239612770449,16.063435600857403,14.608715651493403,-4.958671033853111,,,,,,,,,-0.39014187808239104,-0.46481317170666026,-0.39442332207003505,-0.3253867107044756,-0.1549019479867787,-0.2537190598179736,-0.15451810326427945,-0.05793937952872156,0.9017359755392018,0.8351004212637564,0.9040890087196569,0.9747751776868985,69.7635595111662,67.88945443912063,69.97128421028398,71.8561993654259,,,,
NGC3877,nfw,13,5,47.30510239678468,5.913137799598085,60.129849184092365,57.30510239678468,-25.945125203974925,1.28530781562969,1.1821439451067488,1.274377573467227,1.3456628216615623,2.0008486265194163,1.9568222521505305,1.9990210041896803,2.0438269806180265,-0.4707980209507168,-0.5554339973444211,-0.46765305640614485,-0.382367165455975,-0.15490194928267298,-0.24794107604752913,-0.15360583074710593,-0.059928639361845545,0.81899034261474,0.7216250351372627,0.8437039544824877,0.9757644003570348,75.93278174288079,74.81876639667944,75.79265375376724,76.87265073128728,11.373583541643198,11.500179797760648,11.634597727045685,11.505662664749856
NGC3877,lcdm,13,5,50.71038325205622,6.338797906507027,63.5351300393639,60.71038325205622,-28.666913108384254,1.175023194158034,1.0887912588665274,1.161882276642642,1.2311178207962867,2.021570646406711,1.973040922445335,2.021282932529825,2.0701859125294675,-0.4709458253204167,-0.5441055960411234,-0.45645521813638507,-0.37674808763707013,-0.15490192619781376,-0.2602017347835512,-0.15803190153256227,-0.05756555832803384,0.9500315703456879,0.8380934438781071,0.9560184263151067,1.0766950935180288,75.96453044019148,74.92694817557992,75.96594735774481,76.91442703977334,11.42223955252761,11.566965582781082,11.713674522780009,11.56782872441174
NGC3877,mond,13,3,87.5272410131296,8.75272410131296,95.22208908551421,93.5272410131296,-44.24062503859912,,,,,,,,,-0.3434693920222404,-0.4108654772382667,-0.3424129147250367,-0.2728991616316649,-0.15490188650768855,-0.2605838027939039,-0.15838322947586345,-0.05553612665697123,0.8780031682617019,0.7892012229519497,0.8757600057786762,0.9699152679531989,75.95149904704091,74.94689999495122,75.99062870132553,76.98565845426607,,,,
NGC3893,nfw,10,5,5.029367985661637,1.0058735971323274,16.542293450631867,15.029367985661636,-3.0000029855026673,1.2484033410691324,1.0658400186498047,1.2233929869820765,1.373494985452391,2.0567647268101226,2.019338241778604,2.0644968317987153,2.122870164916638,-0.3823729506153821,-0.4525303263326203,-0.37155502647970196,-0.30057185290454047,-0.15490194242514657,-0.2613615308553888,-0.15077679951141382,-0.05016747844848653,0.928615689333914,0.814587086130647,0.9379941921006885,1.0649395306484424,48.57664086919766,46.446450005466744,48.43340945976818,50.38294392370618,11.561131510527419,11.696607280587752,11.87172727994152,11.673410965621974
NGC3893,lcdm,10,5,7.4862199119798785,1.4972439823959758,18.99914537695011,17.48621991197988,-4.264861058427426,1.0343385650020824,0.905146516576762,1.0172214004179359,1.1226931151162578,2.1230882729733755,2.080053348340451,2.1283393822956613,2.186136710295722,-0.34657286832572465,-0.41404378122649066,-0.34515870390854597,-0.2784412886992922,-0.15490198092797947,-0.25401923922119407,-0.15506956237429018,-0.05081070988499834,1.0225556514714866,0.9257565770496152,1.0336779221169035,1.149376844970496,49.04742351037348,47.02493178084552,48.991464866750796,50.922723397175346,11.74327683021296,11.88813493207859,12.061526916078773,11.872381604111734
NGC3893,mond,10,3,7.4687212903583475,1.0669601843369068,14.376476569340486,13.468721290358348,-4.079684583696853,,,,,,,,,-0.35717425875163156,-0.41247627391685515,-0.3527051367022668,-0.2986463928701279,-0.15490197463120087,-0.2532375451632908,-0.15056118463909457,-0.04704040277324742,1.0772471895233837,0.984585114977189,1.07584331792917,1.1723131508246223,49.514175529384616,47.73679629133209,49.51660345079905,51.31473619570755,,,,
NGC3917,nfw,17,5,40.044296062120324,3.3370246718433605,54.210362782401404,50.044296062120324,-23.56650764129017,7.835311254901283e-12,0.0715995934484677,0.24680794050685556,0.45363394592380113,2.475312561466733,2.1782643508762933,2.315606799482755,2.435753581487264,-0.06442344433393016,-0.12323259473005671,-0.07066441653051507,-0.017215326464681893,-0.15490197168304315,-0.25252139372134175,-0.1462712230540162,-0.049321696981786484,1.1685116387427172,1.0371004714982233,1.1471810448584279,1.266467609432471,79.27126098459865,76.99551366466564,79.06667619049482,81.10477099540967,12.037909837820486,12.449937183639872,12.8103775296534,12.929054469591804
NGC3917,lcdm,17,5,49.33496522216696,4.111247101847247,63.50103194244804,59.33496522216696,-28.38227803482957,0.718151122423133,0.625156249374069,0.711058319838549,0.7885149192013825,2.0984503636582215,2.049251319094708,2.1013510357216605,2.1567273732021897,-0.12161648664824065,-0.18067306242617492,-0.11553602765271076,-0.050873301002224425,-0.15490197056930383,-0.2635361081292416,-0.1550678815971953,-0.06033155427730667,1.0261663975565514,0.9101195948669346,1.0232628630653409,1.1447317627927356,79.0952674364097,76.96454691144496,78.85864887037525,80.84801951663977,11.65087074247573,11.807169892356587,11.973298904798176,11.79846787616627
NGC3917,mond,17,3,45.511939388112914,3.250852813436637,54.011579420281564,51.511939388112914,-23.26928197901254,,,,,,,,,-0.2234419451160303,-0.2943852780547096,-0.22791134019206566,-0.15839269935525052,-0.15490196031516223,-0.26445395861387505,-0.16425785440484908,-0.0629278550631134,0.9098577714877266,0.8369018353782203,0.9157286639813307,0.9961905595946162,78.88335010044496,76.82182211209938,78.8192932438459,80.80371095304646,,,,
NGC3949,nfw,7,5,1.493931727559095,0.7469658637795475,11.223482472835661,11.493931727559096,-0.8523567066542455,0.16889977603596681,0.273383569052854,0.61228687513793,1.0042195646193286,2.899999999998239,2.0470311220564494,2.394451463274375,2.74424581082806,-0.3391912591909825,-0.40579306041398416,-0.3393995914445522,-0.2715179072902719,-0.1548992884066106,-0.25500668643219593,-0.1507744770343538,-0.047611093145713074,0.9664494297530221,0.8497449240840472,0.9686136683041495,1.0969761053329727,54.835072568230785,52.920003482337336,54.8153477340101,56.671068743872254,11.644210151360955,12.68647117501473,13.735854217675787,14.203116785186323
NGC3949,lcdm,7,5,1.4870822810999669,0.7435411405499834,11.216633026376533,11.487082281099967,-0.9914264112379101,0.9012833904370872,0.7273708899134942,0.8792236153666564,1.0318542762904181,2.199272021809888,2.0245466472920497,2.218629462310717,2.4395538350679984,-0.35671547979070417,-0.4249331150633048,-0.3556997720654116,-0.2874377924191898,-0.1549019797183656,-0.25857997740404903,-0.1540384146612278,-0.054977056190944604,0.9446241568215707,0.8199225310639002,0.9376815332076379,1.068498160562501,54.74174373746697,52.93588605276761,54.856830107380944,56.623870642247326,11.576756727067755,12.159005172123758,12.821778290395601,12.10093285062127
NGC3949,mond,7,3,2.318153481606311,0.5795383704015777,8.155883928772251,8.318153481606311,-1.4092975464009045,,,,,,,,,-0.36195734204065827,-0.4358063213619804,-0.36863779030626714,-0.29645701282193093,-0.15490198718661524,-0.24949565952472313,-0.15762258020366193,-0.06463164204626315,0.9527034855657661,0.8599859253483289,0.966534994401423,1.0730828107384216,54.769666009865276,52.78372470766234,54.77174075973394,56.74378989386148,,,,
NGC3953,nfw,8,5,1.5253583761804654,0.5084527920601551,11.922566084579644,11.525358376180465,-0.7800415205165177,1.3077980110305194,0.389410472363952,1.0983448748065057,1.389754574355154,2.0145648394301308,1.6638412391057298,1.9838582493966983,2.107995008603051,-0.3163582886460341,-0.3378325416545028,-0.21001064748365073,-0.13395682100650663,-0.15490192697907795,-0.2613699447878936,-0.15366950963506357,-0.04617588248534552,0.9854084756405942,0.9379414772054737,1.0771350013293892,1.2110069144681816,61.98615731353466,61.19508956971969,62.131190897364725,63.107772281522884,10.494640502508796,11.454691533381702,11.827101811000759,11.546811303481999
NGC3953,lcdm,8,5,2.661253189169262,0.887084396389754,13.058460897568441,12.661253189169262,-1.854957826282682,1.0229737410552389,0.9034926934050894,1.039086224293686,1.1693231701204823,1.9932517177498092,1.6375763775037693,1.9376020268037222,2.058756244594159,-0.22736657332781515,-0.2753178678977487,-0.2022119515940478,-0.13083880036793186,-0.15490195806263138,-0.24607581776683934,-0.13580458228111533,-0.03578037199929873,1.0771359352985637,0.9757502579284784,1.0909289871373575,1.2025499555943753,62.072406161610566,61.13313226338041,62.104685961516765,63.05993685030904,10.415845917702914,11.315922865602774,11.679385518974083,11.482871938441034
NGC3953,mond,8,3,16.061330892944703,3.2122661785889406,22.29965551798421,22.061330892944703,-8.594555333814931,,,,,,,,,-0.23464680104686367,-0.30705826328482944,-0.23786630086778077,-0.1694226508166125,-0.15490192710614592,-0.2604686114604789,-0.16214531012509104,-0.05907432776123281,0.8856768587980873,0.795553060427609,0.8928829426619427,0.9941804289825888,61.902176204920494,60.90543417902164,61.89850043457511,62.91107015366021,,,,
NGC3972,nfw,10,5,8.986150341852278,1.7972300683704556,20.49907580682251,18.98615034185228,-4.532930420285496,0.7235105713446334,0.18359142712890597,0.48242974722282134,0.772866722586355,2.279253440615067,2.2230661012929076,2.487224262205446,2.752458774870753,-0.3249379045302535,-0.3801665963097863,-0.2967674267116461,-0.217097592726945,-0.15490195257842948,-0.2557948072061604,-0.15770914738991387,-0.05430443059515767,0.9791763837757465,0.8760924974554589,1.0027657144317397,1.1352736075683487,76.99147520418578,75.9193731304493,76.91530873189444,77.88419445209212,12.172315089070329,12.964789571807945,13.760493109803866,12.340877107036807
NGC3972,lcdm,10,5,9.034281894429505,1.806856378885901,20.547207359399735,19.034281894429505,-4.91879149264781,0.8543285744391738,0.7185692821195137,0.831632122238427,0.932469537776115,2.1858382194498542,2.1098581722282495,2.2004648413717067,2.312958706136453,-0.34544277277074176,-0.4303212409739215,-0.3421747026422509,-0.25390539765826525,-0.15490196194926975,-0.24451452716518943,-0.14820311413450066,-0.046942749908738146,0.9255587564325342,0.8108065294366014,0.9325792997224558,1.056859101197618,76.9756001592176,75.88189731095734,76.91896869713341,77.92811608627878,11.832691301876356,12.104511309306726,12.441992903600966,12.060631443541169
NGC3972,mond,10,3,12.349483717017856,1.7642119595739794,19.257238995999995,18.349483717017854,-6.264619559779147,,,,,,,,,-0.2960377774013065,-0.3699787604139826,-0.29927147815790267,-0.22574276330010945,-0.15490195834062986,-0.24920840708643063,-0.14545476053854833,-0.05003613178082161,1.0583663806242454,0.9675112164193562,1.0651265981644165,1.1619743237612217,77.0257536714102,75.93058938639064,76.92301383006458,77.9588642588142,,,,
NGC3992,nfw,9,5,2.888281435111636,0.722070358777909,13.874404321792735,12.888281435111637,-1.447746713670856,1.2619274395128974,1.1025964831863908,1.2478598013633375,1.3495870778617707,2.1774236003697274,2.160632076578366,2.1794006278587243,2.19963156280902,-0.3091141680561751,-0.3862929261682452,-0.2981127668745376,-0.2006616048533595,-0.1549019851148399,-0.2598724528161531,-0.16324290379394693,-0.06663653240198476,0.9977282875408856,0.90865558634642,0.9995445701106396,1.1003668025386393,55.9773152639038,54.15151428548577,56.24333525787529,58.230085181601495,11.985013014926704,12.04131866876778,12.102011473618667,12.03538758630079
NGC3992,lcdm,9,5,4.317703552152075,1.0794258880380188,15.303826438833173,14.317703552152075,-3.4554757064379302,1.0257108096699272,0.9060480951017734,1.0231058095332766,1.133993481000205,2.1958589097470735,2.1740628147420247,2.196988982163643,2.22198719303359,-0.19933133327297886,-0.2653416306475853,-0.1965977232721806,-0.1309005812389085,-0.1549019517605421,-0.25774961584104306,-0.15884630278003056,-0.06144466178162103,1.063756658086152,0.9748923002637548,1.0646360012963716,1.1490415514592256,56.57904582734835,54.54765085174664,56.431327429500755,58.3920680125067,12.02530522941768,12.094083731682534,12.169078364292377,12.090693514432827
NGC3992,mond,9,3,19.242490577083803,3.2070817628473005,25.83416430909246,25.242490577083803,-11.961360898373051,,,,,,,,,-0.12161606694062839,-0.1754727952659324,-0.1242230599068071,-0.06769713141831317,-0.15490197363238567,-0.24986411494768973,-0.15332891063775342,-0.05380343036588964,0.8930063153829797,0.8244142592691204,0.8966504138591781,0.968572918661224,55.00845801766047,53.05505155618699,54.99938204291009,56.94690489737746,,,,
NGC4010,nfw,12,5,21.635524389941413,3.090789198563059,34.06005763888142,31.635524389941413,-10.931258716172925,0.052636231573266225,0.1063939712203337,0.32994927041360983,0.5704774329236947,2.7548792903591277,2.321976854817271,2.5330434860898396,2.7252464160137064,-0.347262611851633,-0.43671113834191044,-0.35957928732839534,-0.28228908792252083,-0.15490195978569607,-0.24868189632444607,-0.14855102337701537,-0.05202068306744867,0.9840143078971879,0.8308888751636831,0.9674546808675114,1.0936739204387185,88.99950308855941,87.91184733242872,88.74647351300246,89.50920391795665,12.46904734964342,13.102247243461125,13.678856033232725,13.76775465626899
NGC4010,lcdm,12,5,22.461866008270633,3.208838001181519,34.886399257210634,32.46186600827063,-12.930414824808713,0.7824749627443122,0.6447460591757822,0.7565365673885112,0.8520740369850641,2.1911831062649783,2.1259919611510045,2.210227536449045,2.325020152923736,-0.38983414483215534,-0.479545572512662,-0.39246485075594,-0.3072251029020065,-0.15490197304354048,-0.2533388262769946,-0.15657465254413938,-0.0620809521217838,0.8501441905757221,0.7294552042162901,0.8537014471197444,0.9821788000330638,88.99670843114717,87.83382015728989,88.75434629025274,89.50297130082183,11.88109266864462,12.133799394538741,12.478177243962815,12.076666103986542
NGC4010,mond,12,3,23.35816990248838,2.5953522113875978,30.812889851852383,29.35816990248838,-12.424555516462904,,,,,,,,,-0.42307074386092397,-0.49540854363207937,-0.42063235707172253,-0.34387769925577666,-0.15490195464606935,-0.2565728352247397,-0.15810852832278843,-0.0530640640133305,1.005462198715713,0.9182229403198335,1.0028306341793405,1.0897743554278128,89.00017354745296,87.88019735573005,88.77223191386243,89.54889077455256,,,,
NGC4013,nfw,36,6,24.0713052962394,0.8023768432079801,45.57241892697606,36.0713052962394,-12.308470192463377,0.20680988141892065,0.07176915855963022,0.22248253287651765,0.40739652225569334,2.5032242925652075,2.375044316798397,2.4951747122910266,2.5941431567271644,-0.2730414205950422,-0.3359188085067779,-0.27196675275104765,-0.2098093008811755,-0.101645795663762,-0.18895197157482577,-0.09741538871487274,-0.009140995691763852,1.059523766000599,0.9370537106938127,1.0412231781643893,1.1579375160256615,89.0019876196651,87.98721125873264,88.85514980880832,89.53843647218318,12.628249735586797,12.988640922064686,13.285546255373099,13.01278966288723
NGC4013,lcdm,36,6,29.225389058316946,0.9741796352772315,50.7265026890536,41.22538905831695,-17.521608195464427,0.6546232033260918,0.549370091697849,0.6391591175215081,0.7278564458696203,2.249877255022187,2.212651543515463,2.2584376646060575,2.3088590620355456,-0.2476422751922257,-0.3240877176951311,-0.24904015296375892,-0.1771035554877663,-0.09107835376417422,-0.18596027366603457,-0.09505024344769572,0.0035353115216607556,0.9276393037872392,0.8237045475411406,0.929908364174404,1.0467548660348807,88.99934772609376,87.9653008534488,88.78320268098523,89.50068451383716,12.141071415737995,12.278429779009778,12.429693971298244,12.252748550258168
NGC4013,mond,36,4,55.78231357480351,1.7431972992126097,70.11638932862795,63.78231357480351,-30.048146184591698,,,,,,,,,-0.5019288179379011,-0.5538458671239884,-0.4992780297031165,-0.4477600663880206,-0.11156340085809682,-0.21209528034009972,-0.12173696823070301,-0.035102919421097334,1.0416944740330263,0.988785366278003,1.0424944887844474,1.0964432009918008,89.00136990550548,88.00400934978876,88.88628911861078,89.60793720638621,,,,
NGC4051,nfw,7,5,3.443400016584921,1.7217000082924605,13.172950761861486,13.44340001658492,-1.81441357330726,1.1897565829056207,0.526475182277347,1.0791539881350494,1.4266081204362624,1.863082634633388,1.4211133194597698,1.8044753580540835,2.0050836995934103,-0.33297845288556516,-0.36924841612388437,-0.27264585221103393,-0.2024738222488398,-0.15490195631352197,-0.25591191540615627,-0.15885510880537212,-0.05289641872552629,0.9662848259485664,0.8918492175991538,1.026812330089013,1.1623542288640276,48.53110145651944,46.34216046409255,49.16229028553523,51.931491187154506,9.766456743570917,10.916542859353857,11.518367883971836,11.09236468909177
NGC4051,lcdm,7,5,4.0705916366841235,2.0352958183420617,13.80014238196069,14.070591636684124,-2.0977953024427314,1.0413693832500739,0.9236968817526685,1.0504645107133852,1.178365901201521,1.8889581746069681,1.5641045844204027,1.840422032795307,1.9876117237919348,-0.3155436609000517,-0.37986687842446426,-0.2900122755397069,-0.20422429880548093,-0.1549019502513271,-0.26201539782420685,-0.15629628450468225,-0.05361016288089232,0.9964521470380245,0.8919961518153274,1.009921876348408,1.1270447884911676,48.87183345510137,46.35962946192498,49.128524841873954,51.94912932307304,10.195430538452815,11.024382883577527,11.46595195656741,11.169991309012511
NGC4051,mond,7,3,10.063316619738714,2.5158291549346785,15.901047066904653,16.063316619738714,-5.95346299880825,,,,,,,,,-0.3471773504017054,-0.4267227979005659,-0.3465357384060061,-0.2685908611262712,-0.15490196986959245,-0.25315068628665,-0.15543424043760315,-0.06009096284339292,0.8475883141488068,0.7447929594485224,0.8491981501071454,0.9567950682084148,47.04092077197393,44.306533937080296,47.1368908085461,49.902043804711475,,,,
NGC4068,nfw,6,5,7.166427618444569,7.166427618444569,16.125224964584845,17.16642761844457,-3.6672592346498276,6.307276101637454e-14,0.08980212511350943,0.2853412846498833,0.5646229515891663,2.192268576676166,1.5614993002745827,1.8869222932330896,2.169484163839241,-0.32745761235461246,-0.40519024437359263,-0.3057927286165809,-0.20734977848443104,-0.15490198716982043,-0.25085288972042113,-0.14970175923220688,-0.04800401111448246,1.003657642354633,0.9549028952677945,1.0041601634956847,1.0536553657933796,45.829462315665694,40.65850746707261,46.509541847416045,52.43857737103522,10.187614686015355,11.163883664890875,12.011569276709329,12.079922515220105
NGC4068,lcdm,6,5,13.203337069612424,13.203337069612424,22.162134415752696,23.203337069612424,-8.092649761737711,0.9551634927815786,0.8219623920523323,0.9404760198802176,1.063981573451233,1.4716367979194058,1.2514528571814372,1.4725990671063052,1.694552673491235,-0.33441249461285466,-0.417118283007062,-0.3225631663656648,-0.22379026525586204,-0.15490195644070842,-0.25136917032102557,-0.15621041174850525,-0.056223733478809046,0.9910437762938156,0.9421847689823702,0.9955220175771268,1.046543524992006,41.1123605228555,35.05079500086348,41.51933032900733,48.2641298142745,9.257475356735917,9.920913986510522,10.58677480566531,9.918027178949824
NGC4068,mond,6,3,5.680837349818249,1.8936124499394165,11.056115757502415,11.68083734981825,-5.3750811138559165,,,,,,,,,-0.3952067921201346,-0.48829517163234376,-0.40204458263636156,-0.30866790655348475,-0.15490194965920934,-0.2535126019927292,-0.15567846450623352,-0.05385505671326887,0.9845503149051896,0.9343800639368757,0.9854439472604045,1.0348649057289274,31.868394081968958,30.036919819786874,31.885547536933174,33.758910168746915,,,,
NGC4085,nfw,7,5,19.608627453390444,9.804313726695222,29.33817819866701,29.608627453390444,-11.43989190107579,0.23237699702695366,0.2533905928768943,0.48069375649447027,0.7471005376935316,2.899999999999258,2.3604509141317296,2.632581584239629,2.8207567930573365,-0.4510249596732959,-0.5292228224865531,-0.45192790772102315,-0.37750529072295846,-0.15490250859600926,-0.25787065781235263,-0.16393744488261724,-0.06410946743790807,0.8599019266353257,0.7539435072662547,0.8864220762037847,1.0178459833046571,81.8763978512244,80.04974001066093,81.94501418789565,84.0194082290361,12.584469527586794,13.400861537910494,13.965387164363616,14.20311678518938
NGC4085,lcdm,7,5,19.74281914827765,9.871409574138825,29.472369893554216,29.74281914827765,-12.263893792821378,0.8080998636945338,0.6503552221390217,0.7833813105968179,0.9109146945982449,2.343174121705202,2.200939550414758,2.3625897582943263,2.5369705901358537,-0.456395529745678,-0.5422731582435782,-0.45770454398010807,-0.37907198454533225,-0.1549019684444451,-0.25935214123433287,-0.1599483477290023,-0.06157157678181275,0.8005793823535465,0.6922014323389589,0.8053981766875264,0.9358214279164068,81.84542691421606,79.79789511586874,81.78797532504116,83.76159770865378,12.105935436435882,12.590886060074585,13.114028555599168,12.532639150307212
NGC4085,mond,7,3,26.570350871217574,6.6425877178043935,32.408081318383516,32.57035087121757,-14.336236798479021,,,,,,,,,-0.4355708892955067,-0.5092725992330697,-0.44081607283932767,-0.3678632382488455,-0.1549019700892572,-0.24784887186994964,-0.15126156408487293,-0.054776985315996424,0.925111539376573,0.8347623612244444,0.9340429322133416,1.0307826096974606,81.92888867677733,79.74133627068183,81.68633723670936,83.84291851882466,,,,
NGC4088,nfw,12,5,4.072107983840082,0.5817297119771546,16.496641232780085,14.072107983840082,-2.483564340994546,7.61062423283662e-12,0.11193460316555057,0.3550729867937581,0.6918023968896556,2.682981305132231,2.1932660317614006,2.4166793751584885,2.6018465069632906,-0.37647753414391494,-0.4530048771689599,-0.3910332565150917,-0.32653251501243646,-0.15490193617162729,-0.2539584284869758,-0.15279641843591263,-0.05907249770417289,0.921952608380439,0.8025570275279336,0.9164004801243041,1.0328970325281046,68.79990344803637,66.61189558688667,68.59811122531269,70.72702596365968,12.082914880475808,12.753154910667071,13.30865630608148,13.5520607005883
NGC4088,lcdm,12,5,4.765260793578947,0.6807515419398495,17.189794042518947,14.765260793578946,-3.7308862361049355,0.8845726262082261,0.7563442425101539,0.8815358698396355,0.9925238898862747,2.109524531439841,2.055089965675587,2.1129644135126084,2.1812861262998897,-0.4086365249607671,-0.4796424403524832,-0.40930338507865927,-0.3399573186381547,-0.15490195693714967,-0.2504006469699037,-0.15348107911243405,-0.055467328262105015,0.8441397679684364,0.7361702253888366,0.8409478052571835,0.9539289673091231,68.65397321373126,66.73783540033595,68.75043451973876,70.68210905723626,11.668386682218369,11.842010025729431,12.046975164091275,11.83169037951113
NGC4088,mond,12,3,6.158157691092489,0.684239743454721,13.61287764045649,12.15815769109249,-5.416455365283983,,,,,,,,,-0.4155925355788297,-0.48899023973418776,-0.4204865040925089,-0.35204984789225546,-0.15490198871686156,-0.259793826940553,-0.16217524048513135,-0.061286400196608824,0.7480847775640795,0.6834489576272033,0.7548720023804705,0.8279999607813209,68.4616218219444,66.45779590071142,68.43973788043866,70.47345863194167,,,,
NGC4100,nfw,24,5,18.867575119486126,0.9930302694466382,34.757844271225856,28.867575119486126,-9.434784846157564,1.2842823153212581,1.175920091123156,1.2841075249796854,1.369920875168904,2.0037074801447377,1.9859202336202906,2.004316741828103,2.0245787079440998,-0.29658088306436114,-0.36094125392339377,-0.2922577978455627,-0.22293978319079316,-0.15490196694331448,-0.2620195247382621,-0.1600200617955524,-0.0630009815567143,0.9994663301982804,0.8785731398879355,0.9971909750268751,1.1208360306950633,72.99881961809355,71.23033790549722,73.20323246916584,75.05196200801556,11.460877486052478,11.516067010675915,11.576852909023906,11.514239225625818
NGC4100,lcdm,24,5,20.449667007195174,1.076298263536588,36.339936158934904,30.449667007195174,-11.775824274849622,1.1386583015466614,1.0538831812895282,1.138575446294807,1.2149728704936738,2.025514361776863,2.0079140221588774,2.0268399854422268,2.045216042981099,-0.2705030381757094,-0.3307012655133835,-0.27115531872362525,-0.21002413640847317,-0.15490196856892638,-0.25112930560649216,-0.1614846269965621,-0.06640362095616129,1.098895974279055,0.9948534214239977,1.1043753699209495,1.2131892037754117,73.18070262748049,70.96716610090435,73.00610264643487,75.1220545223716,11.526858851668239,11.583636741518287,11.638764914134903,11.579659870522196
NGC4100,mond,24,3,34.136205667785276,1.6255336032278702,43.670367158829116,40.136205667785276,-18.95908365538359,,,,,,,,,-0.14017843499765228,-0.19945648401587643,-0.14294835053490337,-0.08539850862106767,-0.1549019289700548,-0.24712376083514295,-0.1515938074084991,-0.06066795883547707,0.8495182267554726,0.7829120649335646,0.8539299210275848,0.9286997020856961,72.71200960948984,70.7314385236826,72.75927147450801,74.74133421579278,,,,
NGC4138,nfw,7,6,4.486711845732851,4.486711845732851,16.16217274006473,16.486711845732852,-2.2886932566368268,1.4862364378242685,0.8665230800577652,1.378732141081811,1.6408089051451704,1.8974558506821642,1.8531232048212758,1.9147770882135189,2.0491973492426747,-0.30600126154190255,-0.37294171659796294,-0.27029871105420955,-0.17416364336493081,-0.1780812378468222,-0.26992337904369745,-0.17515101541013106,-0.07858905544714034,0.9775082297440025,0.8804056825287995,1.0126202435883147,1.1448480000171017,52.72750120099728,49.882489137888484,53.01012806489373,56.058258278228614,11.062486399655434,11.247448049832162,11.65070883291963,11.1954843372381
NGC4138,lcdm,7,6,5.9822746614668505,5.9822746614668505,17.65773555579873,17.98227466146685,-3.5390350415565655,1.0263483699231677,0.8929140993642486,1.0199238409772093,1.1372649912102486,1.9872905170369113,1.9204101072527335,1.98936461088529,2.0612811645630975,-0.2301265474823947,-0.3043578176724674,-0.22407938198692667,-0.14842497443930835,-0.1640402537460819,-0.259626644601591,-0.16915460096685103,-0.06927871150443426,1.075465867651019,0.9559513270335633,1.0736038722745704,1.1903376342909548,53.87168941301114,51.01789918848997,53.62786487071773,56.51071899440572,11.264347106949808,11.471210617847476,11.686960278880898,11.46498833630234
NGC4138,mond,7,4,6.862429614147801,2.2874765380492668,14.646070210369054,14.8624296141478,-3.50446123486305,,,,,,,,,-0.2642186442278266,-0.3478238507426199,-0.2647100476455686,-0.183473705813597,-0.162995178724322,-0.25927243166525077,-0.16602053824529417,-0.07152611986616142,0.9919488866954458,0.893323793752079,0.9887286713224149,1.0930961720680832,52.90163904832604,50.30770268775397,52.90494170966308,55.561425211305384,,,,
NGC4157,nfw,17,6,5.373230439667746,0.48847549451524963,22.372510504005046,17.373230439667747,-2.7974223701618652,0.40405514173256574,0.1296004508902281,0.36479184767912876,0.6518185038131685,2.4278729927994487,2.2670890974936584,2.449855953007002,2.6251051726616645,-0.3004534776978167,-0.3623096391194329,-0.3049653450454285,-0.2428920209398647,-0.19489072333669683,-0.29176504433734685,-0.19606662017292872,-0.10263877839885399,0.9656914852158075,0.8503629663035666,0.9616169649537054,1.080545010901468,81.92343131981718,79.16284349866244,82.09532754624456,85.07397117672454,12.304384077672582,12.852684644212612,13.3784323031766,12.786735763589952
NGC4157,lcdm,17,6,6.54019543291103,0.5945632211737301,23.53947549724833,18.54019543291103,-3.927121208435066,0.8444497782629697,0.7232525873597822,0.8390644543533634,0.9429138641533499,2.1785225891033657,2.133442469277074,2.1812151987451642,2.2479438157541667,-0.32258447614988817,-0.38860066088093403,-0.3224820877444946,-0.2537672866141655,-0.1902143967214946,-0.28644125680492577,-0.1904513823623902,-0.09639414447858635,0.8851568036855101,0.781658352070215,0.8841869285392657,0.9895513514515383,81.79110446911385,78.82851205422213,81.86723778293728,84.97143556285819,11.90344419302283,12.046762381427099,12.246948232454105,12.038684552501703
NGC4157,mond,17,4,9.42211673699594,0.7247782105381493,20.754970113220807,17.42211673699594,-5.492951873316756,,,,,,,,,-0.3813397866042443,-0.4467433235972085,-0.38580998802182054,-0.32451936480960636,-0.18978614837804017,-0.29006943106341593,-0.19744635525480167,-0.10049617904212439,0.87656327696437,0.816064088358974,0.887524860759677,0.9559288512739663,81.74432186703916,78.54912384535533,81.50923020077803,84.62897216744066,,,,
NGC4183,nfw,23,5,3.5318092068744753,0.19621162260413752,19.209280286520222,13.531809206874476,-1.7717012230660556,1.0853129607437637,0.9761660497446064,1.0726443920944277,1.154760034129311,1.8755832375421777,1.8566101685056708,1.8756671174572217,1.899077066277168,-0.290956091734078,-0.37652659352187623,-0.2835849025045098,-0.18703114876639418,-0.15490195961259906,-0.25848266608459297,-0.1550323083128093,-0.055438465453097004,0.9947336098107787,0.8768072492607374,1.010170955764898,1.1471798927228665,81.99466716408006,80.19535960064279,82.00628231901209,83.89769524898631,11.072947290708619,11.130118137563272,11.20034798402311,11.129866497818139
NGC4183,lcdm,23,5,3.565547999516259,0.1980859999731255,19.243019079162007,13.565547999516259,-1.9194716505696408,1.056575528674859,0.9790679570600895,1.0569402559240295,1.1278224988451666,1.8795906643579332,1.8590431747394458,1.8789899770902683,1.899654925490036,-0.2781780127241972,-0.3726102623482338,-0.27752563691071425,-0.18362862493752966,-0.15490196849421334,-0.2587999682584408,-0.1617605369500069,-0.06087501165251753,1.0261143728795048,0.9045702500311998,1.025230620104187,1.143037818530205,82.01972044330861,80.19142862134046,82.05212986323127,84.05894967488196,11.080246309409945,11.140086716462411,11.202081561661714,11.141888778265406
NGC4183,mond,23,3,22.684239215004048,1.1342119607502024,32.0907218627915,28.684239215004048,-15.75872879988573,,,,,,,,,-0.08661612234040289,-0.15876882712787807,-0.09012282017744068,-0.019056574495959884,-0.1549019294803924,-0.26132951490525114,-0.1612291023360211,-0.06005302213731783,0.7145323288065026,0.6664101685364516,0.7171662544381951,0.7684919115903518,81.7868989292601,79.83991631622365,81.74095342397052,83.74462391538869,,,,
NGC4214,nfw,14,5,5.907453985942475,0.6563837762158305,19.102740634018765,15.907453985942475,-3.34306762649721,1.8726651601487507,0.7307866685701007,1.4193150772971075,1.770309654311125,1.9331399877066764,1.6937698557039824,1.802285397065102,1.960592485978168,-0.30584920447250885,-0.41682161848234234,-0.30932974511233075,-0.20563151278487513,-0.15490195901907414,-0.2571042991886522,-0.15538999570286172,-0.060192067451457026,0.9993482139003279,0.95134350478948,0.9996150154107086,1.04946547357372,6.189890710431786,7.993733263418172,13.98340612532455,21.143032054980512,10.584426352303554,10.909972976386912,11.38489424312611,11.302536748311635
NGC4214,lcdm,14,5,8.722346310612247,0.9691495900680275,21.91763295868854,18.722346310612245,-4.443285441440372,1.0725844993607287,0.9422275356435225,1.0693372145657314,1.1892959622713015,1.721836161131363,1.6433919720081882,1.7250270200762097,1.814224093008735,-0.2902928588829815,-0.3909889138117958,-0.2948179617126917,-0.19804288281983926,-0.15490194435865146,-0.2519225039451668,-0.15309726455958894,-0.051535852386106196,1.0011309747959198,0.9496616039714268,0.9956332804143778,1.0427725103375358,18.633294516433338,16.62782559789263,18.71306756636494,20.89309461557295,10.433292701216171,10.678197845420236,10.945789064217811,10.668625268585696
NGC4214,mond,14,3,13.526074609672083,1.2296431463338258,21.44324659851786,19.526074609672083,-6.873099940591862,,,,,,,,,-0.3320330891122141,-0.4321051822854496,-0.33707563318458783,-0.24818664256203596,-0.154901958402424,-0.2511894294339513,-0.15073906601522066,-0.048189382019773755,1.0008025089758206,0.9514817544253749,1.0002407302005731,1.047720668222198,18.517604888199582,17.464375439788867,18.62244139310675,19.77843223426047,,,,
NGC4217,nfw,19,6,47.18482019537151,3.629601553490116,64.85145407037015,59.18482019537151,-37.012641336929306,1.0463043701691133,0.6222626787872433,0.9375604002251261,1.1194459296601804,2.182597949746204,2.1524244764360345,2.2387440744597975,2.4477800286140594,-0.0795015542993387,-0.16160856849112443,-0.04787192778805739,0.05653921259408103,-0.5952554600923425,-0.6638607792537501,-0.5950786799492699,-0.5258693043689566,0.7786532724376327,0.6938495413383837,0.8205538538449453,0.954899149042802,85.91081252097113,83.62592059590548,85.73618771189959,87.62138434080575,11.96039021449971,12.219349008571,12.846456871033784,12.050910634430217
NGC4217,lcdm,19,6,46.12141107762305,3.5478008521248503,63.78804495262169,58.12141107762305,-37.25307534331399,0.9480554169207118,0.8219737878892618,0.9332849018010689,1.039403337699863,2.225263694387286,2.178149600113627,2.233172116016774,2.303388842478598,-0.05098025102865844,-0.16639393683910442,-0.05652324943563129,0.04234922096670791,-0.6091513795855248,-0.6780151236906126,-0.6083683040101937,-0.5414579071690033,0.8392616111939406,0.7389407748879679,0.8417250769881096,0.9566588889261713,85.92679887988908,83.88546346120582,85.8117051506794,87.76412453021442,12.037565585532487,12.202633133241928,12.4132833126274,12.178907868353464
NGC4217,mond,19,4,39.33566521886967,2.622377681257978,51.11342113553543,47.33566521886967,-41.60040425915885,,,,,,,,,0.00928184321647791,-0.06366500954528716,0.0042546319624053985,0.07777995314341685,-0.7394660412230224,-0.7955487882658444,-0.7444494744295337,-0.6912781597330615,1.035190960340866,0.9625231934607368,1.0408830574113577,1.1282206765583813,86.01835319674643,84.03317740110022,85.96726632535038,87.86027071857121,,,,
NGC4389,nfw,6,5,21.897003925459884,21.897003925459884,30.855801271600157,31.897003925459884,-15.20344797891089,3.1612961058465154e-12,0.1055909702259126,0.32649786714777107,0.618554344116288,2.780019111160495,1.8902015633169331,2.3299381124679552,2.630916153020505,-0.5137549523858249,-0.5935383430376523,-0.512831738839551,-0.42405180364879885,-0.15490198328081523,-0.2461319596199652,-0.14923653301241646,-0.059565052433771803,0.7813368241164987,0.6799766285796648,0.8098069644352904,0.9449580415912744,45.09115884746562,42.8575804234716,46.58888004641611,50.38486256592452,11.173721475142406,12.492931122595472,13.395865244253121,13.84317411867309
NGC4389,lcdm,6,5,21.83784166373588,21.83784166373588,30.796639009876152,31.83784166373588,-17.192664539009293,0.8302277690925381,0.6922440890177551,0.8366249803499182,1.006684721444312,2.1288176259652567,1.6975486294647684,2.0338835366984354,2.277064288456219,-0.5011855629128559,-0.5818168752946711,-0.4939988969820567,-0.4150494060462019,-0.15490195765665962,-0.25571192379689633,-0.15400129557206824,-0.04893084548672404,0.6774465943059672,0.6423872602922674,0.7496465946682658,0.8860221719924507,43.98171359148164,40.40643709305337,43.93053202526164,48.10816315297125,10.595762673585911,11.604767395286913,12.334309650560265,11.889569663087377
NGC4389,mond,6,3,23.54072331349602,7.84690777116534,28.916001721180187,29.54072331349602,-18.04994263533589,,,,,,,,,-0.5124512580534015,-0.6136871471838129,-0.5353035103612197,-0.4557058945990586,-0.15490197806394243,-0.2538023225940484,-0.15296665390946515,-0.05173493514995719,0.6801994405449912,0.6259808981355787,0.7039287555866903,0.8046597986443407,43.32171778403787,40.10348700071308,42.84876114471538,46.24779973019519,,,,
NGC4559,nfw,32,5,6.516549185445084,0.2413536735350031,23.845228699443716,16.516549185445083,-3.9279961948880486,1.10786841701697,0.8545190738420304,1.047752889513794,1.26847812298364,1.9454460431367264,1.907380887658856,1.9530799949257247,2.0001552042043227,-0.35132492110462943,-0.4534418716478179,-0.3576927316460641,-0.263351273346302,-0.15490195280006658,-0.2551164397904816,-0.157645175582863,-0.06247015850633403,0.6874769134156078,0.5040187095737942,0.7586340645161017,1.0216176607731504,66.96456727566657,65.97012695014112,66.97894379423165,67.97814905084185,11.225259448168174,11.36235676996878,11.503582397804575,11.339454914601784
NGC4559,lcdm,32,5,7.3106908689349295,0.27076632847907145,24.639370382933564,17.31069086893493,-4.073650399349842,1.0134061177604226,0.9062141014027729,1.0082301161799725,1.107093124111586,1.9652329835480802,1.9391067308493417,1.9646334894618624,1.9960686039006783,-0.35550245523404567,-0.45611879986235565,-0.36431220590967206,-0.27923900409384367,-0.1549019395573131,-0.24867935203275485,-0.1469916082042701,-0.05053838577294309,0.795723661316319,0.6547156951233111,0.8021337918249349,0.9754204274551124,66.9695252784091,65.9920558338024,66.92457846675126,67.95049496856196,11.320436977739632,11.397017253577193,11.49132259689364,11.398815735835846
NGC4559,mond,32,3,14.375219394773977,0.4956972205094475,24.772427103173158,20.37521939477398,-7.550056592524666,,,,,,,,,-0.29362766154383746,-0.34379688260952557,-0.29372684008644023,-0.2428754842174062,-0.15490202334037903,-0.2662997782215116,-0.16394000993337313,-0.05946155782609058,0.745718044941726,0.7055455314965684,0.7465462657308635,0.7878708046742864,66.968734558899,65.94989695357279,66.89288769708826,67.85251197198686,,,,
NGC5005,nfw,18,6,1.21408759869717,0.1011739665580975,18.556318146074155,13.21408759869717,-1.1344359896626002,0.3398384368231485,0.40927649939380634,0.7361965390354094,1.1209562938488784,2.8999999999968766,2.15408413987282,2.4457358311488084,2.7611178907722786,-0.29628502456700767,-0.3679327997762107,-0.2914648745149001,-0.2182941872231361,-0.2488928500904254,-0.32761463151302295,-0.26600490757721695,-0.20278696880370586,0.9651421384345604,0.8769633833407747,0.9570678462915212,1.0417956060029467,67.75614912313387,65.7251502359194,67.67924952702003,69.65517096719803,11.965369204810067,12.84032427863803,13.786470457508441,14.203116785182237
NGC5005,lcdm,18,6,1.155600192338086,0.09630001602817384,18.49783073971507,13.155600192338087,-1.1675099302221112,0.8437288644247132,0.6928469225648991,0.8407489591021653,0.9853002159818638,2.4102605200842064,2.202901413418693,2.3954794101270247,2.5993751864954966,-0.3101969340539896,-0.37970905937649657,-0.3015825070432038,-0.226476199619738,-0.2508239702703806,-0.3211780747968781,-0.25730557199323,-0.19983139677908224,0.9576416353400984,0.883374664184892,0.9546464945354773,1.0316860562341412,67.70761868906118,65.81026588239953,67.7042595222062,69.69875512751202,12.111821025447686,12.68955501557268,13.301242344678096,12.733898345444226
NGC5005,mond,18,4,1.514290589829448,0.1081636135592463,13.075777621414106,9.514290589829448,-1.4904471752260586,,,,,,,,,-0.2845894169113107,-0.34056778209319016,-0.28461243614700393,-0.22734870840782648,-0.26941576600939116,-0.3268984134766591,-0.27068627057093764,-0.21135091375902199,0.9696540030516231,0.8937792255489722,0.967390253344854,1.0453758147437804,67.78703127545495,65.7553699884795,67.83244577344999,69.75736010943524,,,,
NGC5033,nfw,22,6,56.1957432565917,3.512233953536981,74.7419979767416,68.1957432565917,-29.91198412007126,1.4267064038735575,1.3387961400731052,1.424190277372683,1.5134167829303387,2.0916558691025395,2.071716096183737,2.0918139265076197,2.110859019749839,-0.41289822705103596,-0.504280892232758,-0.4163725807156281,-0.33271553106593804,-0.2877085735102906,-0.3831822448347464,-0.293455306437604,-0.20625437449736395,0.76579838456173,0.6222869922837024,0.7677247882438537,0.9356413958418908,65.9688520568798,64.97041217283459,65.90855005916008,66.93199256377571,11.718265073742817,11.778558564714466,11.835693844441124,11.778084392499224
NGC5033,lcdm,22,6,55.09346451630594,3.4433415322691214,73.63971923645585,67.09346451630594,-36.0745755183673,1.248549253619261,1.183213461382841,1.2444241440175585,1.3094582620158512,2.125655914208795,2.113070793221162,2.126137980906496,2.137581430456862,-0.45440887758708415,-0.5325222092245667,-0.45613591874152953,-0.37598640687909235,-0.4088797814624556,-0.492665248624811,-0.4253811394234526,-0.34812864415985323,1.0980334467249317,0.9568135623237595,1.1104381619401127,1.2707287383861157,65.98216761511878,64.96879269633268,65.99772209110182,66.99857173823452,11.842329164855093,11.881530727911095,11.915861076562193,11.880084527817992
NGC5033,mond,22,4,142.06226597599317,7.892348109777398,154.42643578942642,150.06226597599317,-77.48232168061953,,,,,,,,,-0.01937064171446629,-0.0524363137266542,-0.018050650214981496,0.01684392411176592,-0.3706019272280612,-0.4323212178094418,-0.37723715071705377,-0.3189834040679364,0.8317323326834194,0.7971986723254587,0.8316633098169136,0.8673980134990512,65.97570192689787,64.91949421891626,65.91376200597996,66.9584581300489,,,,
NGC5055,nfw,28,5,59.407618913902965,2.5829399527783896,76.06864146477898,69.40761891390297,-33.79495068614148,1.1005389459308028,1.0622103164158592,1.0955447568636776,1.1315817239855508,2.0764734132558447,2.0567282624682837,2.0717871304063573,2.0895848307166327,-0.5693907442372375,-0.6110396195153114,-0.5793620204590021,-0.5381759239383709,-0.15490196053989705,-0.24846625170098505,-0.15006564861394336,-0.05789636924942761,1.007455270864977,0.9784546596528393,1.0070204028665937,1.0363925425853482,60.75501516351436,57.51965842778973,61.98772218045711,67.05639488806898,11.673301572596458,11.718478176410677,11.771871277341504,11.73253702495914
NGC5055,lcdm,28,5,58.213607581711436,2.5310264165961494,74.87463013258746,68.21360758171144,-34.628242604958935,1.084997367648573,1.0561488657365217,1.0876917165892042,1.121948694824323,2.071007583669229,2.055936199391676,2.069985791537253,2.0862258521912254,-0.580609445192992,-0.6112238931337172,-0.5829284262055253,-0.5477725670973934,-0.1549019461929057,-0.2553703871349307,-0.15128330567944315,-0.04951596066183404,1.0115438852442056,0.9830689371883773,1.0087424906471056,1.0334392605668459,62.592226639802824,58.34610341570615,62.77438098805153,67.38893520066047,11.670925383366635,11.713074159803366,11.761794341765283,11.716139536199293
NGC5055,mond,28,3,204.15856558202884,8.166342623281153,214.15517911255446,210.15856558202884,-103.4619451593404,,,,,,,,,-0.2930035577534047,-0.29960695761709094,-0.2928233062601484,-0.28608645974284347,-0.15490195761151343,-0.25381944002613677,-0.1562740838534481,-0.05796157569069952,0.9927060813965632,0.9656523665539665,0.9940193256057945,1.0230508923956776,45.13926658763698,44.22363728581347,45.09978744615628,45.99035872422617,,,,
NGC5371,nfw,19,5,70.80866988163359,5.0577621344024,85.5308647774658,80.80866988163359,-37.08043961554336,1.554287908913047,1.4721996297099127,1.5443927951229857,1.6249628814356019,2.0461897018849857,2.0235869380295033,2.048735260795392,2.070172460101693,-0.4331533368245627,-0.5330877195131467,-0.4501107282593825,-0.35146892495678506,-0.15490197294785818,-0.25716389404304174,-0.16133383786622518,-0.06221699778385348,0.6866300651283557,0.5598742716274857,0.7057784015995824,0.8798877529420146,52.632544519568114,50.64973311035799,52.76229770728638,54.676821545247634,11.573877599280115,11.649322567577784,11.713634165496686,11.641685890846563
NGC5371,lcdm,19,5,72.38136413573993,5.170097438267137,87.10355903157213,82.38136413573993,-48.02937986796793,1.4054138013107713,1.3542114871222781,1.404181813369496,1.4561597656725118,2.0733488689918795,2.0567702180088534,2.0744222643375556,2.09227889504545,-0.5567333553681646,-0.632064038888338,-0.5621227335779126,-0.49411727154251756,-0.15490198380801434,-0.26236877705661565,-0.16033186384062398,-0.06033868766361596,1.0258361860042773,0.8956605665959125,1.0386368951483216,1.200054501589669,52.70087772516207,50.69398027938846,52.57109647572797,54.408933259111976,11.673427439218166,11.726383578204274,11.779953470327957,11.723163392167244
NGC5371,mond,19,3,196.76760663772723,12.297975414857952,205.60092357522655,202.76760663772723,-129.41051495040242,,,,,,,,,0.4014580678372407,0.3641167339406763,0.3876282649401106,0.41016398524924924,-0.15529888408969678,-0.25889709798292454,-0.15823657805652153,-0.06465902000964752,0.25037783375315115,0.25156921205517946,0.2550852937559119,0.2622136568420562,49.150605464734184,47.867166791624854,49.17090463193233,50.598658301929234,,,,
NGC5585,nfw,24,5,126.28734157769769,6.646702188299878,142.17761072943742,136.2873415776977,-64.75549046535158,1.0346999761131705,0.8577987708409184,1.0078719038073758,1.1595647446876882,1.9490178609525741,1.910757002530195,1.9571184519353535,2.002950585513474,-0.40158153107980177,-0.501482909875989,-0.40484977620359425,-0.30663562156377056,-0.1549020548739602,-0.25694864026803216,-0.16248292991806268,-0.062069175742098914,0.5558163393462388,0.4088127708007802,0.5816989297370839,0.813004886985708,50.68695028356083,48.623767302470384,50.69361416725686,52.55193702588768,11.235387792782191,11.374472140997668,11.511968541732028,11.350170368049328
NGC5585,lcdm,24,5,126.48771007421546,6.657247898642919,142.3779792259552,136.48771007421544,-64.78574847119222,1.0012535970063248,0.8814881336466678,0.9688109523248134,1.0521337745195984,1.9581474240569403,1.9335867521478638,1.966173495516596,2.0032829082699406,-0.4125144764817861,-0.5214607518284257,-0.42813796697192186,-0.34245144151422857,-0.15490196750616697,-0.26662156791819275,-0.16091602588547266,-0.05581330052430371,0.5977481935110437,0.5206623525203463,0.6423301373788546,0.7898866791628437,50.68005244530264,48.58831180041345,50.67579006823079,52.60532675994254,11.303877041635197,11.401637271741395,11.512965510001429,11.377559057362427
NGC5585,mond,24,3,142.61608914851604,6.7912423404055255,152.15025063955989,148.61608914851604,-76.96808552537944,,,,,,,,,-0.6357116294759708,-0.6613775906948456,-0.6374213815265348,-0.6129712336968048,-0.1549019262145208,-0.25333530205159716,-0.14798837076244276,-0.04381648646390029,1.1014082460192498,1.0448765589925861,1.1035783261227743,1.1701701316175852,51.1393586371136,49.23505443421775,51.10027928484997,53.02587161166895,,,,
NGC5907,nfw,19,5,73.29956078707457,5.235682913362469,88.02175568290677,83.29956078707457,-40.46067852313186,1.3860107046921755,1.3374067477203142,1.3824623267823128,1.4229611716574053,2.1228784240066787,2.1179426822558556,2.1229726285434065,2.1282460998381034,-0.5665315093516003,-0.6314182113100502,-0.5587307635401026,-0.4862019372983607,-0.15490195079075897,-0.2500134543555852,-0.1544913041057041,-0.05265608474936767,0.9606734933395136,0.9085240583556308,0.954654805134138,1.0074002648770124,87.92953612837852,85.72951909036479,87.51022445443104,88.9774373675275,11.856944831959172,11.872034670821826,11.887855084705917,11.871752057211642
NGC5907,lcdm,19,5,80.2132658799243,5.729518991423164,94.9354607757565,90.2132658799243,-47.66044869979947,1.3131086682123294,1.242870036185565,1.3048388118943293,1.3537052352069994,2.1267249300218682,2.122052822692427,2.127483301488016,2.133229299975696,-0.4807252083444238,-0.5404742713234247,-0.46464806662380365,-0.38875737490596773,-0.15490195943287544,-0.24748238661780397,-0.14927944179977926,-0.04951104704756749,0.9929185171697316,0.9406065492902549,0.9888135435732301,1.0340099492439638,87.97346710576706,85.47930771813225,87.36462079454155,88.99244805016501,11.869275253268889,11.885566689655654,11.902804685118694,11.88329157525721
NGC5907,mond,19,3,272.1906995496873,17.011918721855455,281.0240164871866,278.1906995496873,-145.5194971973094,,,,,,,,,-0.20892707186422776,-0.2240546139893933,-0.21682730339792422,-0.21031400920384813,-0.1548988784630797,-0.25270226265952045,-0.14925677081881109,-0.05372062730677734,0.8439306359508716,0.8443349813620523,0.8455236517564857,0.8480759470283991,82.00000000008797,82.37601352085233,83.46170822292444,85.85035422474985,,,,
NGC5985,nfw,33,6,51.73901346614916,1.9162597580055245,72.71805883494804,63.73901346614916,-30.282395999870303,1.887254783051887,1.6191178607037562,1.7386946427508276,1.8491078093769795,2.107077484927724,2.1191807471027166,2.1511388135676777,2.1856677451011404,-0.35878771557978373,-0.501050725081138,-0.41281857478881406,-0.3238394559899895,-0.1702880947077568,-0.28405119637789156,-0.18625760275458442,-0.09022218499782673,0.27504617318240876,0.30850461364688775,0.4301097278891056,0.6094723199720046,59.738787275964484,57.82283769962752,59.69766811584885,61.63865218159601,11.860659026499757,11.956533225894638,12.060120020495027,11.82434923997478
NGC5985,lcdm,33,6,67.190998966318,2.4885555172710374,88.17004433511688,79.190998966318,-46.37866278282573,1.3999908839787363,1.3359945367936883,1.395229667808905,1.4621562633507559,2.234466044202562,2.2160643346243845,2.234760601951204,2.252542331113294,-0.5216102241744731,-0.604822961627051,-0.5281509273157855,-0.448193500273789,-0.17133138880980942,-0.26899986077509197,-0.1746399771793898,-0.0811805983140251,1.0943145737026683,0.9310233185467265,1.108787625947093,1.299979907097663,59.84658309012941,57.9027773521271,59.84680899458391,61.82834073878269,12.15130978906476,12.20739859104522,12.260743778531488,12.206514917799293
NGC5985,mond,33,4,200.22864790975,6.904436134818966,214.21467815561593,208.22864790975,-124.53654212004041,,,,,,,,,-0.1897680852106433,-0.252549429660282,-0.19103429151927354,-0.13214789230046456,0.5324659140147339,0.49377187409555373,0.5313409830993744,0.5676642986452465,1.1469647117939048,1.0551096402144895,1.1511545441846616,1.258531681301264,60.21661086111966,58.320410992526135,60.14583387262891,62.087731961749064,,,,
NGC6015,nfw,44,5,341.79767522876955,8.764042954583834,360.7186233983609,351.79767522876955,-171.99836007897886,1.366742545951649,1.2731831676196192,1.346018573837458,1.4298347215339788,1.9609177660991508,1.9440369610529973,1.9643676225416455,1.9830047480826198,-0.19063547424225474,-0.2728326956935115,-0.19598997745847763,-0.11620218462191081,-0.15490196882400264,-0.25750523624463884,-0.15182360746895635,-0.05289584442468047,0.7043031455680275,0.5839648961296419,0.7368337509249998,0.8882104484680233,59.81204484381357,57.782045135448364,59.85918213835644,61.746078005707915,11.3352276683506,11.396219652816542,11.452131029439466,11.38587008348906
NGC6015,lcdm,44,5,346.08085674192785,8.873868121587893,365.0018049115192,356.08085674192785,-176.33928337608114,1.254293864540665,1.1786155451655203,1.2427635545310796,1.3039315150774953,1.9824827325644567,1.9696934542383924,1.9845635402992934,1.998768796174627,-0.2576437464965219,-0.3234260321469127,-0.25254212470091164,-0.17443052493221306,-0.15490197404119782,-0.24877335202805578,-0.14915535689814025,-0.048417519475604215,0.9121216509402695,0.7813352906593255,0.9172990907621994,1.0724027692837483,59.75966260388019,57.88072495246333,59.77129330541271,61.736059445782885,11.412197147906785,11.456807406089487,11.499423173715487,11.450564982884977
NGC6015,mond,44,3,440.8758831922038,10.753070321761069,452.2284520939586,446.8758831922038,-226.19408267540993,,,,,,,,,0.024546423040182223,0.0030398230078882427,0.022925268718506243,0.044109229055571075,-0.1549019619974707,-0.25579957356003646,-0.15958507461966998,-0.06087196858305618,0.7147914152158985,0.6818407217224612,0.7175602699720832,0.7550462425696215,59.816041345848625,57.776847294958856,59.83023655790487,61.85025839498845,,,,
NGC6195,nfw,23,6,35.396094814436026,2.0821232243785897,54.209060110010924,47.396094814436026,-18.14551505668947,0.05646433274215762,0.08583210145131664,0.29525847130582467,0.5432676940648653,2.7002704419930073,2.4155079365528187,2.5522906735723483,2.695370567702518,-0.3930261937469805,-0.4812246238071158,-0.4143462838396317,-0.350808250304459,-0.13555001162340952,-0.1708448469246377,-0.12516332303612254,-0.07592527785071823,0.9922667601967821,0.8858133633896136,0.9716677127220489,1.0591499558094215,61.63965862437449,56.945851179095776,61.31835113040372,65.69673930156193,12.749640594850062,13.15998880590865,13.58922848829916,13.603928111170628
NGC6195,lcdm,23,6,35.66495296677532,2.097938409810313,54.477918262350215,47.66495296677532,-20.827462045886527,0.7168033320014123,0.6134971137980949,0.7063578830173669,0.7909242183708233,2.3487947153985935,2.3077621084742233,2.355001787679846,2.407180813867191,-0.4667131557562664,-0.5401382202880803,-0.4660963355362592,-0.3935555831604918,-0.09408993738193124,-0.14492097102033083,-0.09538453660785116,-0.041343573920702384,0.9204683663002998,0.8423939370959624,0.9246867003566284,1.0132294790530507,58.91739533305923,54.48282011566837,59.025779225117915,63.66466355318411,12.426403110614276,12.568122148231144,12.724659226793179,12.549500931387387
NGC6195,mond,23,4,41.73502309499348,2.1965801628943935,54.27699995871008,49.73502309499348,-24.094661349503095,,,,,,,,,-0.5081583698040537,-0.5864453593069884,-0.511651314579695,-0.4412093454829585,-0.09500459474214212,-0.13178212273065754,-0.09838477722528492,-0.06364612526076592,0.905631455021888,0.825705357817496,0.907887612533641,0.9901019346934206,57.2105522957544,53.73728516401872,57.474235787225496,61.70637319402726,,,,
NGC6503,nfw,31,5,40.2744217162028,1.5490162198539539,57.44435773862853,50.2744217162028,-20.622359268430166,1.1584747635292283,1.126810805697344,1.1600001456658993,1.1919206401878208,1.9070087438423204,1.8989493588823008,1.907061763866116,1.914966136223049,-0.39394592926550887,-0.43146689881123385,-0.3964070030075371,-0.36137088183915284,-0.15490197724097754,-0.24419723036331578,-0.1514987403744653,-0.05390882396892446,0.9849867831625214,0.9359319510469345,0.9880024431275088,1.036445079837989,73.7546624619343,71.7329353473774,73.88424179736516,75.95651849249401,11.19996486183851,11.224302076789954,11.248015193860754,11.224143016718568
NGC6503,lcdm,31,5,40.578185649208656,1.5606994480464869,57.74812167163439,50.578185649208656,-21.57167473555548,1.1458421490177997,1.1138067308284127,1.1460685258478647,1.1799535565924224,1.9096444114521982,1.901749982010092,1.9101350003553919,1.9187027638136571,-0.39016773835867813,-0.4273654960766681,-0.39179132854207704,-0.35538279652579163,-0.1549019554485484,-0.25363894861183756,-0.1578954072750202,-0.057380149843416856,0.9949919964529572,0.9514935683992581,1.000020647829539,1.0458649491080259,73.87226406830368,71.66718648746325,73.7290979604126,75.7350805690176,11.208366731221881,11.233521786257782,11.259225076632578,11.2320500195482
NGC6503,mond,31,3,86.55068460069837,3.0910958785963705,96.85264621415382,92.55068460069837,-43.80707550212067,,,,,,,,,-0.35683492754485613,-0.37694119342500637,-0.3578246061197338,-0.33827282965175937,-0.15490193939125896,-0.24963436914857645,-0.1489265731974106,-0.051516714526246274,1.0398390617681086,1.0154588690689783,1.0397676678600898,1.0652973739225302,74.64757995226972,72.96414785680328,74.76945088389596,76.6183661849373,,,,
NGC6674,nfw,15,6,25.070392860370607,2.785599206707845,41.318694066983866,37.0703928603706,-17.056725954909922,7.548938705641401e-14,0.00783271950432297,0.03247415817829778,0.08812633439010084,2.4692341274684493,2.4188905207584215,2.459444798468181,2.5039880732543467,-0.045162659789274244,-0.09927923836297045,-0.032586964338439675,0.025901709889367464,-0.05218599092610346,-0.14392253806044436,-0.04093718618618744,0.05491085963064035,1.143422426762437,0.9972405849347988,1.114976120454326,1.2532787769606537,59.76406609572018,54.93239453721635,59.88160885743844,65.18789028374678,12.75978834746687,12.88145118059615,13.015081004954647,12.910819167596955
NGC6674,lcdm,15,6,37.54031303170878,4.1711458924120866,53.78861423832204,49.54031303170878,-36.59917337315892,0.34544007393824283,0.2566996666293686,0.3374719654595373,0.4127102650539643,2.393813251980386,2.3523577322293128,2.394829323104313,2.4428191501168657,0.04801447290037661,-0.023724655239036194,0.03871128564548691,0.10621564950896613,-0.026627450629614864,-0.13073967038916057,-0.028136100529088284,0.07560857842043447,0.9234495540315713,0.8241778815283511,0.9410415287595197,1.072038390494828,57.60397491316948,52.81576068114594,57.74639137159535,63.08914849596227,12.560189981879546,12.687604754504545,12.831574235542202,12.684556541132764
NGC6674,mond,15,4,111.17602293589606,10.10691117599055,122.0082237403049,119.17602293589606,-65.51835710569141,,,,,,,,,-0.053753077244746816,-0.11135410051521931,-0.05797246804212465,-0.007218569992129262,0.2044374538405881,0.071067082658163,0.20767914205571958,0.3411155487014071,0.8532688613526969,0.7620415406092714,0.8832220771930759,1.005531313643738,50.76254613073518,45.65164868757203,49.744344215810486,54.91432423290852,,,,
NGC6789,nfw,4,5,4.069015357661769,4.069015357661769,11.000487163261223,14.069015357661769,-2.03492289831571,0.35531716819902537,0.4941453773319245,0.7996519838085472,1.1278935438377045,2.8999999999803894,1.8957162613183407,2.374760809337105,2.7359173375837855,-0.30243515217838546,-0.39644915475940556,-0.298163692444764,-0.1989796104817652,-0.15490223403905895,-0.26918154598463995,-0.17008421018129657,-0.06522738323572094,1.000232147741736,0.9442495433188616,0.9998462765244253,1.049904086020136,43.173224599352714,37.51235340835868,44.39656276108774,51.28670976490412,11.190265569146629,12.62739921320292,13.710868797942963,14.203116785132774
NGC6789,lcdm,4,5,4.2312971354582904,4.2312971354582904,11.162768941057744,14.231297135458291,-2.120051044087006,0.8775116010429573,0.7061359658538517,0.8847901331396797,1.0622982442146496,2.2828692742470333,1.9346263552305485,2.2542059741912683,2.5621082192535627,-0.30277675464739545,-0.39454494662144235,-0.3008420432805794,-0.1946853246853852,-0.15490197549074225,-0.261215797949913,-0.16233650565146662,-0.06894238851720783,0.999471602317955,0.9540767675895073,1.0067108741258644,1.0563093899587417,42.77987602445623,36.73536059001601,43.18246076817705,49.98481240556177,11.30699585088325,12.26573470776541,13.189441442952294,12.351724607932706
NGC6789,mond,4,3,6.181885374441277,6.181885374441277,10.340768457800948,12.181885374441277,-5.199181051017206,,,,,,,,,-0.2065376641435981,-0.2995070754213331,-0.20756972317257466,-0.11757479740289042,-0.15490195638591545,-0.24200633876186153,-0.14958576503131937,-0.049823749347867936,1.0262853748430767,0.9754572118171241,1.024840945520918,1.074523676193169,55.24374809319793,50.74181962439073,55.253944673802636,59.678600352592696,,,,
NGC6946,nfw,58,6,87.45456291542642,1.6818185176043543,111.81722097870494,99.45456291542642,-44.38903328031945,1.0342840966646818,0.8930272120792233,1.013015685055528,1.1222292767904505,2.058674771039481,2.0292827214277716,2.066713572200894,2.112765524319826,-0.3154860893873451,-0.3910734100992386,-0.32433385410034293,-0.2492102390920542,-0.26598522671475366,-0.33610374670939963,-0.27328418025429224,-0.20675523876854315,0.9240419048147166,0.8071773191149416,0.9479853939767229,1.0977371855911695,37.860599591176324,35.94515458048,37.71414009820232,39.68430677145644,11.590964949474921,11.703257501794287,11.841413358151083,11.67914109831005
NGC6946,lcdm,58,6,87.2787302530442,1.6784371202508501,111.64138831632272,99.2787302530442,-44.51454120449831,0.9890071702682949,0.8981927084394047,0.978850480826305,1.057499557333249,2.0713435604454355,2.048980672061329,2.0789579431193945,2.111164011787693,-0.32105999115821715,-0.38928696461807377,-0.32833053729438044,-0.26302479400235707,-0.28026507998961536,-0.3421594816246408,-0.28788587618022626,-0.2264879673283372,0.9624628684279553,0.8647245463487924,0.9912936284005343,1.1390610383586925,37.87177650398256,35.63440007518609,37.54376412210124,39.4532568348092,11.650058801375593,11.73999061454979,11.836608820554686,11.717147466527912
NGC6946,mond,58,4,79.08687327962113,1.4645717274003913,95.3286453218068,87.08687327962113,-40.04202581940962,,,,,,,,,-0.23691176805762804,-0.2713970011977054,-0.23855378060032462,-0.20396950792730123,-0.18118948701668416,-0.20891901875042337,-0.1833796469558504,-0.15731767257070461,0.7896286391793397,0.735217418017871,0.8077047162084774,0.8869701230053553,37.66777934617454,35.48619301318427,37.16551660962308,38.97447250486565,,,,
NGC7331,nfw,36,6,24.202432871114137,0.8067477623704712,45.703546501850795,36.20243287111414,-13.380059712445144,0.8666868930644274,0.7833733347301927,0.8607644209421697,0.9332985974405285,2.2925636860121474,2.2666783404890745,2.295603116659161,2.3272511674265464,-0.3785257450279266,-0.4270913333719713,-0.3820998163498997,-0.33415614632011154,-0.22273276392638747,-0.31822159382062853,-0.22483898366676827,-0.1326089309050563,0.8768200562997086,0.798571449144765,0.8849446527263907,0.9736182605622242,74.60109124009153,72.60222327673841,74.45168536574926,76.48046531564887,12.30315180665883,12.38992613516909,12.484870287471246,12.380807843228048
NGC7331,lcdm,36,6,24.1473466761802,0.8049115558726733,45.64846030691686,36.1473466761802,-13.389372403274091,0.8715729264837424,0.8004302093147675,0.8646410762194281,0.9276852058833966,2.290838003587631,2.2681252870875523,2.2938856053546934,2.322200409189748,-0.37725338318223844,-0.4324342340110361,-0.38159006502491,-0.32979475779539935,-0.22121610374859407,-0.31203573122818884,-0.22517916731602683,-0.13187005260895243,0.8727357235140218,0.7975286066931294,0.8799204663719239,0.9712382170736183,74.59397407469814,72.56222738026676,74.55331667121904,76.67448308010535,12.307492646454264,12.384773601255686,12.46971801276085,12.3756307959545
NGC7331,mond,36,4,42.98588747862772,1.3433089837071162,57.31996323245215,50.98588747862772,-25.150735978138574,,,,,,,,,-0.5318592379211912,-0.5628927987616709,-0.534303322833351,-0.5061936497641742,-0.2471830931858668,-0.33019998430179665,-0.24563764072775604,-0.16710394786154398,1.1066965552915111,1.0756578944738096,1.1122605618004089,1.148968658021809,75.41209502504239,73.36015310119762,75.24960592972165,77.2517420604473,,,,
NGC7793,nfw,46,5,37.024789556392996,0.9030436477169024,56.16799653883847,47.024789556392996,-18.877423212684878,0.907142842374099,0.28132969413823816,0.7007959525197738,0.955673811143417,1.8350853563744924,1.8028593482071047,1.9360526437482637,2.228280840639988,-0.30665460726243043,-0.35265898679378915,-0.28740645107733315,-0.22009819866743305,-0.1549019650981499,-0.2606260789598711,-0.16456373268544258,-0.059567906578869054,1.00915126609585,0.9634910832005603,1.0120620947042562,1.061837588767599,54.49332354925184,50.08936992643925,56.623459832494916,63.19103239657374,10.91169482981292,11.311274716436397,12.18795930711157,11.008372854315084
NGC7793,lcdm,46,5,37.590143838557765,0.9168327765501894,56.73335082100324,47.590143838557765,-19.03601262689493,0.992105465879366,0.8754525161875237,0.9771499596635433,1.0719349496140202,1.821069446251665,1.753928618052222,1.8179237488246338,1.89418767952186,-0.31434034119849924,-0.4014683991946496,-0.3207129181406059,-0.2413765643500308,-0.15490195781135763,-0.2590336609712698,-0.16195191526703145,-0.06056266486072472,1.0053446856507846,0.9589514965181657,1.0042934500965341,1.0522557807209398,52.34427211244774,47.51306430785042,53.359347999361304,59.84509974373848,10.764902639348271,10.956888031665509,11.185679823757187,10.966325123946602
NGC7793,mond,46,3,34.87515055937688,0.8110500130087646,46.36107474884416,40.87515055937688,-17.63365887749497,,,,,,,,,-0.2539670144038636,-0.3238932495365361,-0.25313895248526136,-0.18304650531381117,-0.154901931058572,-0.26422539534779454,-0.1678341863260277,-0.06804457295127397,0.9969414232276543,0.9449663376468107,0.9969396130645334,1.044612295289001,43.32306213439806,40.56900685354153,43.41101863213792,46.6530155913285,,,,
NGC7814,nfw,18,6,6.62777296074255,0.5523144133952125,23.970003508119536,18.62777296074255,-3.8432666856646343,1.2363763016805556,1.1419068248324513,1.2262552836816147,1.2990158592873815,2.131009371033689,2.1112148139296663,2.134004615347763,2.16358950711213,-0.29126558990456886,-0.3799897241072266,-0.27640671547962337,-0.17049766198044125,-0.25551066686432655,-0.29460708123456364,-0.25476485168792146,-0.2175040083010023,0.9911820122548856,0.947223172357418,0.9930164972026364,1.0385749008607998,89.99999883037938,88.58971457866342,89.28253352183101,89.77170190993279,11.836761226980606,11.905130631234895,11.993885306527996,11.896144898292672
NGC7814,lcdm,18,6,7.715277909404476,0.6429398257837063,25.057508456781463,19.715277909404477,-6.500458155563096,1.12912660756015,1.0398385247496416,1.1244840527739401,1.1960603109969576,2.1653852047888815,2.141430264183731,2.166809271274896,2.1985462151221706,-0.20283169232108278,-0.29774062090464853,-0.19193470256670817,-0.09461872732059093,-0.24032255064607497,-0.2781324090307537,-0.24207172897573984,-0.20574524762701546,1.0117523652419482,0.966243329329868,1.009863153921555,1.052601958057136,89.99999988086822,88.70337891355204,89.41924517991166,89.8279085536879,11.9274075777428,12.003544599016294,12.098755430558118,11.99927239955825
NGC7814,mond,18,4,22.644263726272847,1.617447409019489,34.2057507578575,30.644263726272847,-21.8352271830906,,,,,,,,,0.06503575490919677,0.03961507000826416,0.07649991579418963,0.11361556205874059,-0.31657483752605786,-0.3466676705122058,-0.31360537145991263,-0.2809247714943476,1.1026090041349386,1.0571386619183436,1.0912852114772083,1.121806359969368,89.99999905050699,88.63123362706419,89.32260949398335,89.78849469791133,,,,
PGC51017,nfw,6,5,7.795570210613125,7.795570210613125,16.7543675567534,17.795570210613125,-3.939843083001221,3.4437332729669936e-11,0.06773916494647225,0.2665149843048445,0.6427098566013676,1.0000000000000822,1.0201583466657194,1.0953102885021497,1.2344985081583102,-0.27211196175582053,-0.40097588959643554,-0.3132130926312746,-0.23255643582537186,-0.15490191658443409,-0.2447154071405221,-0.14725981853068054,-0.05483241570295213,0.9982743524295445,0.8723642021307527,0.9607180662033961,1.0514247847743634,65.95655960908256,62.106700466761346,64.75054400338635,67.71308369740393,8.563591825188764,8.789047650698055,9.206612309666536,8.503116785191853
PGC51017,lcdm,6,5,7.56934351738855,7.56934351738855,16.528140863528826,17.56934351738855,-5.543173794911787,1.2203992037277327,1.075224382753077,1.1713595819138676,1.2739224389702701,1.0,1.0039492878500371,1.0161751605865392,1.041998352714091,-0.40346390919884767,-0.4946686292251677,-0.4131686791063577,-0.32773604171555026,-0.15490183523759066,-0.24690220925159925,-0.15429014822802045,-0.05816238238705855,0.8850197357315741,0.7913824597007493,0.8762148691878456,0.9709120756899886,63.04909559600451,60.002001446446734,62.698545839639024,65.85682854324483,8.514964648741717,8.551642266951223,8.62911184333388,8.503116785191606
PGC51017,mond,6,3,156.70100244330416,52.233667481101385,162.07628085098833,162.70100244330416,-100.94653166565794,,,,,,,,,-0.8223851721218206,-0.8937827217427642,-0.8267414953490275,-0.76386473865953,-0.1273757594228007,-0.25300004905605095,-0.15037837737555135,-0.05537049580019867,0.6915407618175952,0.6918287927411698,0.6937087907821472,0.6979439265933612,57.021831395558976,57.04551807968713,57.18782704518724,57.48508655737303,,,,
UGC00128,nfw,22,5,60.71183410111346,3.5712843588890273,76.16704636790504,70.71183410111345,-30.541269051331234,0.9595810803594013,0.9101693497263034,0.959575265520479,1.0201298043114788,2.0362347165784542,1.9932835823993134,2.0316697128078913,2.070799231605301,-0.33311477522868926,-0.4266506949859108,-0.3332655402312358,-0.25253213351788867,-0.1549019599562964,-0.2678439462069373,-0.1682374394689449,-0.059270551432323106,0.9606981706490368,0.7958804952149074,0.968515662307394,1.1070876502248144,52.533863919743,47.55891850673477,53.30391978988531,59.956190912235584,11.482967532389546,11.59812592361528,11.71551448000751,11.61182093492697
UGC00128,lcdm,22,5,60.70628530108614,3.57095795888742,76.16149756787772,70.70628530108614,-30.541416299170045,0.9599861580476836,0.9123994158855538,0.957529204359862,1.0100798478407886,2.03638327613123,1.9926956030571519,2.026618513689748,2.071053415121085,-0.3332327611388688,-0.43128993825383505,-0.33329453999760894,-0.24459538002204106,-0.15490196776435047,-0.24028694884677365,-0.13666844900529165,-0.05169989633543543,0.9601118895827536,0.8238182123096291,0.9456414837672689,1.0862582926763023,52.50262795034106,47.32735428597567,53.94797389518762,60.24469579854204,11.481203594363063,11.582972326260851,11.716277030554862,11.612266613585296
UGC00128,mond,22,3,120.23853344503513,6.328343865528165,129.51166080511007,126.23853344503513,-85.88714557840687,,,,,,,,,0.3949779143734947,0.37418601669096774,0.39499271466792263,0.41393904375987994,-0.1549019281355034,-0.24508226395550956,-0.14539704290423522,-0.05029771563576601,0.8990796241759378,0.7764941451177617,0.8920923154191011,1.0282061429090585,40.743543665425996,37.606643732614195,40.987273054920934,44.516291603626755,,,,
UGC00191,nfw,9,5,23.762185206929335,5.940546301732334,34.74830809361043,33.76218520692933,-12.239271115928068,0.9380243833672448,0.5067867188773514,0.8700106611281764,1.032310326924825,1.8002637683349256,1.7634505681135835,1.8117528465417643,1.8854332726161114,-0.21992836017042544,-0.30376554238908027,-0.17966115408298022,-0.059414791327884506,-0.15490196261792055,-0.24612236598918638,-0.14350619258890207,-0.043667491198658266,1.061700126205765,0.8784319324361964,1.1571062525649252,1.4437779037508347,45.62871789752469,41.68328310972587,46.826316402904645,51.510588726118684,10.793468489532357,10.9383753248169,11.15941660303994,10.903908090196383
UGC00191,lcdm,9,5,24.226074258922495,6.056518564730624,35.2121971456036,34.226074258922495,-12.375271788002602,0.9981850427952086,0.9018552337207678,0.9911986301971905,1.0806558184311787,1.8011627041986202,1.7500887327634937,1.794467670441709,1.8379465880064996,-0.23695605817356885,-0.33814977886956504,-0.24858514934935216,-0.15274908447723762,-0.15490195861657413,-0.2623329862169402,-0.15904694452655138,-0.05205504007169344,0.9648875563371687,0.7691097422417087,0.9612340706448681,1.1696817451128343,44.91786279499862,41.34058888590187,45.93448361631025,50.68999907131477,10.753382983482087,10.886519796516733,11.016956549211105,10.906604897787467
UGC00191,mond,9,3,22.737026732568893,3.789504455428149,29.32870046457755,28.737026732568893,-18.21962604032858,,,,,,,,,0.055185368774400737,0.010298900245651813,0.05663339471373098,0.10263219043352245,-0.15490195169086896,-0.24134556534044405,-0.15005537989138149,-0.0562319095972749,0.727020761878135,0.6059948259974802,0.7284564215151438,0.9158932901390066,42.9051062574357,37.28966218812127,42.778658559052445,48.20927806976554,,,,
UGC00634,nfw,4,5,5.527288643701974,5.527288643701974,12.458760449301426,15.527288643701974,-2.9899037871023584,0.7027114768146339,0.3856885762908072,0.6429131823137053,0.8501674970693913,1.9827063047120062,1.9293238415367695,1.9977722943219551,2.07601191908137,-0.3278459837409572,-0.4159902894102353,-0.3256867453032629,-0.23020152834578445,-0.15490195666806628,-0.26101642406881337,-0.16047752181689012,-0.06483932668389478,1.089220898786408,0.9021935269613419,1.147738229524251,1.4044963232931191,41.01927288506067,34.5054411616522,42.3392104417359,49.66601772567376,11.291088309801914,11.496433668157472,11.731152542435716,11.451235699327626
UGC00634,lcdm,4,5,6.898897505403058,6.898897505403058,13.83036931100251,16.898897505403056,-3.794521821748869,0.8975147800736396,0.8022146124060345,0.8889625812686629,0.9822714330868303,2.0131571660278653,1.9342376941360975,2.0098252059104107,2.0974460998394178,-0.3261583729614011,-0.42953742498153097,-0.3369858110413776,-0.2394009618554239,-0.15490196257696245,-0.25580321299398817,-0.1483846814357584,-0.04493366356635995,0.9103463600010107,0.7316572476905858,0.9204596417045569,1.1355460420179173,34.75460231523999,28.731630431160333,35.120327808161576,42.38383877186222,11.305829867599899,11.532592402922837,11.79545508470986,11.542588283275203
UGC00634,mond,4,3,2.333172801305734,2.333172801305734,6.4920558846654055,8.333172801305734,-1.1710157021062113,,,,,,,,,-0.30797126065837865,-0.3946003874156733,-0.31399155132062895,-0.2363284894557648,-0.15490194080507563,-0.24983589279949345,-0.14888878759087437,-0.04256111583351582,1.0088778366981819,0.839924609371523,1.025396634381143,1.2613732114588554,37.421139727225196,32.861610727562905,37.204174558799664,41.92372760525389,,,,
UGC00731,nfw,12,5,3.195350680095195,0.4564786685850279,15.619883929035197,13.195350680095196,-1.6433119082166843,1.0032219930507247,0.9133957227433444,0.9930877595825043,1.0952360655001891,1.760377097437785,1.7231347232937517,1.7522037917409743,1.788377367442874,-0.29804791058262936,-0.382881746741901,-0.2814709719610365,-0.17858556670556483,-0.15490196403406395,-0.2556854204083836,-0.15576271279262155,-0.05896774230251146,0.9117003848314031,0.6831782279412072,0.9568984619878859,1.2196158139547384,56.81622711064432,54.20861953671101,57.275943010781674,60.28498766025319,10.672520955072862,10.759728160414529,10.868248887520227,10.784248077504962
UGC00731,lcdm,12,5,3.1094275589653186,0.4442039369950455,15.53396080790532,13.109427558965319,-1.6857604062255696,1.0213648689537407,0.9413763296515257,1.0066525994526294,1.0840455145144965,1.7596618126216557,1.7272833683415674,1.758805877430964,1.7954420570056147,-0.2987358043077829,-0.4051821234906543,-0.30012483402542917,-0.1959532487153874,-0.15490197077853826,-0.24889585983628065,-0.15539375065556507,-0.053539300819546026,0.8633256684423909,0.694576022296871,0.9083742493481772,1.1392945561440446,56.770795483809295,53.72302254809395,56.658850322338814,59.59882823014299,10.684966890216309,10.779534417484498,10.88944295620845,10.782102223056572
UGC00731,mond,12,3,53.77071550969594,5.974523945521771,61.22543545905994,59.77071550969594,-54.148702516224816,,,,,,,,,0.4326451841872393,0.3630163040393806,0.4331376732692235,0.500069911303146,-0.15490199542903213,-0.25090144126401004,-0.14842527701392125,-0.04340206849038236,0.7529146220569302,0.6959898865032956,0.7539046599721582,0.8232785422078324,56.571345443618696,53.44662752666474,56.552728776028424,59.611227556134835,,,,
UGC00891,nfw,5,5,9.072648214812226,9.072648214812226,17.119837776982727,19.072648214812226,-4.600631931226838,1.3454298686649732e-13,0.08380336246324796,0.2454738598995546,0.4760333239198061,2.420501663308831,2.114340581246028,2.2674888280603653,2.4003520502177893,-0.33663575217547265,-0.4384706170398892,-0.346712304606399,-0.24878014069064955,-0.15490194478372935,-0.2574040915236505,-0.16618186265297405,-0.06856552126788329,1.0118459697524709,0.7166009316166144,0.9412859149982461,1.1447422863473973,60.08936534870128,53.95225139325617,58.96402578806263,64.30101008467962,11.846138528929691,12.305583269372702,12.704172935844975,12.7646217751181
UGC00891,lcdm,5,5,10.959889229856113,10.959889229856113,19.007078792026615,20.959889229856113,-7.629002284082654,0.8865311978108401,0.7272220681035224,0.8401603552563195,0.96637745558173,1.973554771004311,1.9204912119809296,1.998240740257427,2.09914700638002,-0.31934644423880265,-0.41655006140905393,-0.31808898093150617,-0.2218185354566991,-0.15490195916370245,-0.25850878751509804,-0.16290774496549043,-0.05385524226185442,0.43184001119449655,0.33708228771896825,0.4547280359010972,0.5954812028997786,59.039018747193154,53.9713984528714,58.88167447966896,64.18654258111532,11.264590421134395,11.497839005963886,11.800557804331666,11.42378109820454
UGC00891,mond,5,3,48.07221268761985,24.036106343809926,52.900526424922155,54.07221268761985,-25.337087999035397,,,,,,,,,-0.458804099614019,-0.5406256562116403,-0.45582176110710126,-0.3707243627496448,-0.15490197610752515,-0.25205044664778864,-0.15968715383431883,-0.056641447024727856,0.9024145336261554,0.824347364271292,0.9079666027690128,1.0245952194843708,59.510121570145095,54.01928720842861,59.07597694485253,64.07487964253896,,,,
UGC01230,nfw,11,5,9.69727994624456,1.6162133243740933,21.68675631023641,19.69727994624456,-4.879966381257572,1.0062949934424976,0.40781516549416014,0.8356684973146626,1.100592411909263,1.8606432805834467,1.3857932797834793,1.6840806184812473,1.9216074210089766,-0.28412521086818326,-0.35078869469691515,-0.2462986791471311,-0.14826181032399377,-0.15490195668964654,-0.25426171046684165,-0.16145342651992578,-0.06817774934166732,1.0089019496071916,0.8831339256665762,1.070819414388468,1.267091597678962,23.7910802304823,20.779101917318258,32.779754500178754,42.125965436728265,9.660496624542045,10.555358640635347,11.267939048218537,11.085046626941946
UGC01230,lcdm,11,5,9.709207946390796,1.618201324398466,21.69868431038265,19.709207946390798,-4.880425874389988,1.0122299165909752,0.9178956999195649,1.0092908924896506,1.0978422520947189,1.865237346520366,1.671893666803063,1.8132068502496588,1.9445113430709442,-0.2847229704995319,-0.38001191496726794,-0.29216191210059317,-0.19795346389817248,-0.15490195539963555,-0.2571043239210817,-0.15815410026967747,-0.061185631713673035,1.00714439114068,0.8058477639535643,0.9932517667120382,1.1913673727511267,23.537168772129597,20.1975366664901,25.99883332497121,32.74560734924652,10.518797785600796,10.942737335940583,11.33665081440444,11.098828824752704
UGC01230,mond,11,3,24.784622954407446,3.0980778693009308,31.978308772802556,30.784622954407446,-14.481209220131781,,,,,,,,,-0.09893543729690973,-0.18784061002566094,-0.10476912515540918,-0.01627148019196703,-0.15490193348448,-0.25980858864248296,-0.16257079732004331,-0.05823799681144759,0.9881088114232484,0.7815532564188418,0.9858491301500485,1.1849326792465962,18.999784254808507,17.14633546871731,19.101058484953054,21.665185570694803,,,,
UGC01281,nfw,25,5,21.556661623088278,1.077833081154414,37.65104074742928,31.556661623088278,-10.807225956548093,4.5070447489819256e-09,0.058501381746015456,0.21480520962710908,0.4128696247198516,2.4773524177526998,2.126594343162082,2.304718671171706,2.433197943085537,-0.30985335468182496,-0.3997361409262231,-0.30295848209330334,-0.20753472564228154,-0.15490205064006027,-0.2528821870153387,-0.1568413410665434,-0.06359871985312315,1.010183753507827,0.9636565692277932,1.0090052297147456,1.0499892843735235,89.99999937674338,88.5497572160607,89.28659498234107,89.77817665937602,11.882899814677852,12.417272798706724,12.802710614448218,12.935174038449706
UGC01281,lcdm,25,5,29.101756093278485,1.4550878046639242,45.196135217619485,39.10175609327848,-19.240463830955022,0.668829403792045,0.5630518822844738,0.6582963721728479,0.740012400026551,1.899347616558328,1.828576407602817,1.9112229258613191,2.0020940163113834,-0.3298237839100946,-0.43126013565418836,-0.3365819592601106,-0.23771242775647264,-0.15490193533703872,-0.2560185320667437,-0.15627587422115208,-0.0545716611864066,0.9891103047949239,0.9434510753497545,0.9883590488280187,1.0320264634644467,89.99999991112631,88.51815208598964,89.25267561186402,89.76982228913434,10.988846008000056,11.236785562775562,11.509398834125756,11.20115963486659
UGC01281,mond,25,3,5.691117515356148,0.2586871597889158,15.347744989960749,11.691117515356147,-3.2620138288268246,,,,,,,,,-0.3922381109014789,-0.45828623540593505,-0.39116681607616954,-0.32428687546778096,-0.15490192313401885,-0.24697156192215713,-0.1496519282588898,-0.051586730202500305,0.9985468890273635,0.9593652655793995,0.9967396289055401,1.0353912452971996,89.99999691630819,88.61291502037669,89.33133430424073,89.80035435719111,,,,
UGC02023,nfw,5,5,2.136632297390065,2.136632297390065,10.183821859560567,12.136632297390065,-1.0824713952276777,1.2346390604465582e-12,0.13407608545337868,0.4171018914285686,0.8340707420764113,2.4585088520701097,1.2800793801948505,1.8507879811735781,2.4452901267428837,-0.3078873667977883,-0.4176414410638533,-0.3136471165044652,-0.21113429657780258,-0.1549019552509652,-0.25015934933265593,-0.15561135759374753,-0.0560495210445327,0.9866583111793047,0.7161973782675524,0.9962068011809455,1.2957566162609866,17.530144499243804,12.598684904419597,19.55635949970256,26.104831648678374,9.343354925776158,11.05548072871234,12.838987165420258,12.878643341401936
UGC02023,lcdm,5,5,2.420655573526046,2.420655573526046,10.467845135696548,12.420655573526046,-1.7110072081009151,0.8688073429634938,0.7643020981441144,0.9566133337387553,1.155950422473728,2.2739004910830136,1.2926850470049036,1.9003787264360177,2.497251633282576,-0.3032052388129049,-0.39430098633959065,-0.29604378800727404,-0.2011666115751461,-0.15490196777583443,-0.25593583207136983,-0.1517305180322583,-0.047237451086260984,0.9395761664695301,0.6392967508137773,0.9375207496382785,1.2461304109322924,9.388870021884259,8.158737108023919,13.439067667978676,20.832851795735856,9.381171926206317,11.20425296449966,12.994871685039334,12.324818258440647
UGC02023,mond,5,3,2.2208731491061107,1.1104365745530553,7.049186886408411,8.220873149106112,-1.2145136651787407,,,,,,,,,-0.3126675243157016,-0.42189931987443935,-0.31504833809372823,-0.21557942073587708,-0.1549019355715252,-0.25590191531493556,-0.15525865601576475,-0.052810501423211316,0.9704185877069258,0.6423960919633718,0.935961659703031,1.2498483015395336,14.701602342186524,12.59377643349814,15.040382214575164,18.570508633138754,,,,
UGC02259,nfw,8,5,4.189120197233006,1.3963733990776686,14.586327905632185,14.189120197233006,-2.1059680450927187,1.3210930843408268,1.2165353090965996,1.3207242884557089,1.4416456048440713,1.7383555862524953,1.7002379446785105,1.7377541698487722,1.772217208434998,-0.3070930446897093,-0.3979364942646222,-0.3000101398761055,-0.19831261218916252,-0.15490195696196357,-0.2543798173845545,-0.1488816771547176,-0.04930258638768092,0.9620063568084092,0.6923556604372783,0.961858963204681,1.243534242850206,40.84764259629794,37.99327559146066,40.582427197031045,43.45151654166,10.603830619227137,10.716379294737923,10.8197684104966,10.718183543949092
UGC02259,lcdm,8,5,4.8046425740167615,1.601547524672254,15.20185028241594,14.80464257401676,-3.749510084392048,1.2005075660021995,1.122177716256819,1.191580275111045,1.2585473010924209,1.7481011736326788,1.7146887548272431,1.7485645889118353,1.7840680294258788,-0.29211355124259125,-0.38878745391144764,-0.29090399250545124,-0.1942914402805708,-0.1549019711774225,-0.25243265766919903,-0.15730350634222193,-0.055649971503414226,1.2487898617438136,1.0672537440620489,1.2770846799292537,1.4920114215923814,41.8461158631924,39.06860610484434,41.838463148851595,44.76421530488178,10.647183049673336,10.748810551927113,10.855320873469243,10.747420306089642
UGC02259,mond,8,3,37.753065656268994,7.550613131253799,43.9913902813085,43.753065656268994,-26.163887785830852,,,,,,,,,0.0800403765643479,0.0039192269091622295,0.07137174764727691,0.14325898234190432,-0.15490196222371944,-0.24227776690903763,-0.15413440935716816,-0.053408871209427305,0.9364319146110502,0.8367710863382957,0.9590761750731739,1.098934246201092,40.751015922300994,37.656097542375406,40.38814216223837,43.35296328134761,,,,
UGC02455,nfw,8,5,15.067878494675275,5.022626164891759,25.465086203074456,25.067878494675277,-12.36105297741798,0.6468906106339858,0.5237599464372653,0.7805142759853121,1.063817489201707,2.8999999773326,2.1470515755315303,2.505386994890104,2.7817283997357656,-0.37130493833572653,-0.51640027291212,-0.4177002457477955,-0.3233919710758791,-0.15474110577814437,-0.24963270983151623,-0.1607268890349078,-0.06343559199067149,0.09826589595399682,0.11085245428676715,0.14717155471096086,0.2307816422781581,48.99770059677537,43.01310864224429,48.42993439616692,53.43046440385592,11.944271511786196,13.019277769861919,13.848301984398903,14.203116717189406
UGC02455,lcdm,8,5,15.079751799246278,5.026583933082093,25.476959507645457,25.079751799246278,-12.37447717556519,0.7257483324150638,0.670960771368424,0.8159397566053418,0.9752199976790012,2.8019146274422604,2.2086503187957867,2.500178020720469,2.7455278019022527,-0.37137454027673,-0.5004737312968917,-0.40045328206334296,-0.30686279103778763,-0.1549038422583508,-0.2464918715231613,-0.15210258704944077,-0.06065554870734198,0.09826589595393756,0.1097759188926947,0.14006623707498367,0.19509203328079197,48.91990073589619,44.1067823692362,48.80536447104649,53.62538694362042,12.129067741578966,13.003650847353013,13.739700190898366,13.908860667518388
UGC02455,mond,8,3,34.43646179815078,6.887292359630156,40.674786423190284,40.43646179815078,-22.035722566165735,,,,,,,,,-0.5158730340801945,-0.6269615818239183,-0.5323270101858065,-0.4307882323224975,-0.1549019601496567,-0.2512121031334304,-0.14855489209432768,-0.05019626653527962,0.33598749092342106,0.2867072828320724,0.34849348171745853,0.4339650528816727,49.13569385798304,43.36154153107226,48.37126626993724,53.56159607299193,,,,
UGC02487,nfw,17,6,57.67793890476413,5.243448991342194,74.67721896910143,69.67793890476413,-30.74464694452069,1.0694297076316053,0.8860336922173182,1.0764009708300337,1.2439284263578565,2.3003487253999726,2.269661005614624,2.2994988377456953,2.3301600326857375,-0.15476633058334527,-0.2515510879008628,-0.16270578741313796,-0.07119223059293925,-0.23694352621327894,-0.3338273892273702,-0.2497883596965011,-0.16925637034674013,1.0838314798698145,0.9317173816743645,1.0657594642617583,1.1996360585190702,40.14946666910024,37.057892502043444,40.46998636636252,44.19694310226552,12.312099802035478,12.401613298428693,12.49359688324882,12.404162961391524
UGC02487,lcdm,17,6,56.26698925553043,5.115180841411857,73.26626931986773,68.26698925553043,-31.149983145708028,0.9337140238314217,0.8414136275828018,0.93291443030711,1.0263131953348652,2.3015364583903803,2.2676980204060877,2.298604324619654,2.327901958438643,-0.12780070664509602,-0.2046356535422154,-0.13101154028828438,-0.053199629513780905,-0.253711497134691,-0.3442179029395783,-0.2638187541054196,-0.1851315643903778,1.1205074577628662,0.978768519232228,1.1114323477556982,1.2444636972680232,41.44943538458846,38.60635981029747,41.85430117407456,45.67954387708009,12.306210846409869,12.398929759050567,12.486822660507535,12.407726160362747
UGC02487,mond,17,4,55.896318919436624,4.299716839956663,67.22917229566148,63.896318919436624,-42.561248070639934,,,,,,,,,0.22327192100699397,0.1792944200613585,0.2263103019011379,0.268728550371208,-0.06510321262174959,-0.16396362895631755,-0.07504834421802103,0.00797255755246229,0.9274395496719263,0.7887407282224423,0.9086315049533634,1.0335049682392015,31.822329447946444,29.78541411653872,32.115411888844434,34.926658717770756,,,,
UGC02885,nfw,19,6,12.87084342372701,0.9900648787482316,30.53747729872565,24.87084342372701,-7.480634886469702,0.6730785543394735,0.40318098435352095,0.6225964655068564,0.780596251831193,2.404290185553408,2.3761663558685244,2.4219263210290958,2.499074954701685,-0.3186063683267812,-0.3955235951924032,-0.29789409706202885,-0.21496543619308917,-0.022198191453351314,-0.07097888876639505,-0.021707005756495836,0.028450163248203125,1.0453109779829943,0.9528662970370534,1.0459815176964318,1.1386589355296217,65.22112060512845,62.016851823646626,65.48616056128449,68.79092683488376,12.63161585279718,12.768895748278894,13.000341649296661,12.715987341851829
UGC02885,lcdm,19,6,12.957352038638941,0.9967193875876108,30.623985913637583,24.95735203863894,-8.0466942327793,0.7766579610747217,0.6858254735921674,0.7719457257652754,0.8566886085005718,2.3807867292352443,2.3566409705189293,2.3839208682562645,2.4155168518035497,-0.362601735072377,-0.44430845434485733,-0.3643346794116773,-0.2867404987981614,-0.007325237547864072,-0.05162195115753762,-0.0030444121248701366,0.043500100012665445,1.0142590907123312,0.932051098323774,1.0130523118955481,1.1032809836895774,64.58176746383266,60.76073430205619,64.48120893553832,68.38875028475758,12.573039696748394,12.6548793899604,12.749667340602254,12.645476972897338
UGC02885,mond,19,4,13.62005721205838,0.9080038141372254,25.39781312872414,21.62005721205838,-7.777072849227144,,,,,,,,,-0.34941206769332617,-0.40992748883628,-0.35173823453537356,-0.2955640223143262,-0.028675959105085587,-0.06195765888104919,-0.02826552952600986,0.006443904612092081,1.0270515148999744,0.9642056438846064,1.0271849292872668,1.0956934117237696,64.73241760044286,61.541560459987174,64.94987880165905,68.48628517267672,,,,
UGC02916,nfw,43,6,420.685217292357,11.36987073763127,443.25241798651837,432.685217292357,-211.44285446958722,1.213416068373553,1.140325015515734,1.207592709118781,1.2674889204074797,2.1391308614560325,2.097309958736881,2.13214279084109,2.1752397899294,-0.2905091805255139,-0.37338679619521475,-0.2722089671128718,-0.1789494747605132,-0.26087843060556626,-0.32979700052872146,-0.26177312597033864,-0.19482542418732082,0.8899308663964123,0.7556201223542001,0.8955133932173003,1.023213629042083,46.37105990098266,42.61583385902991,47.29096904758863,51.41384504868318,11.79504666140225,11.899545157714876,12.028836154979807,11.920509369559703
UGC02916,lcdm,43,6,421.0663046968381,11.38017039721184,443.63350539099946,433.0663046968381,-213.86057542704364,1.1365134080789208,1.0687171409825624,1.132396813246506,1.1909437612000682,2.134763260803461,2.090993805560722,2.1290276485157262,2.168296561220406,-0.24857321492828027,-0.33879217040043835,-0.24010493704225705,-0.13512952395532551,-0.3219373274844246,-0.38109260096244346,-0.3255784469295425,-0.26820302726614403,0.9858380616429318,0.8695788704768357,0.9898486157870502,1.1212615546902165,48.275058706123566,44.49979206477136,48.75971065792839,52.934519294702554,11.776098201873772,11.890199730738784,12.008006468852823,11.907406567601988
UGC02916,mond,43,4,464.96530471561107,11.922187300400283,480.01010517838534,472.96530471561107,-242.65198449294346,,,,,,,,,0.1291050761468026,0.06141940647618566,0.1264883939893304,0.19144390228807878,-0.18650833555033516,-0.22392299193829604,-0.18775889609084923,-0.14973195765278355,0.8595321386547244,0.7484565562527669,0.8665775757011411,0.9852178786904067,45.36746218232884,41.804839438543596,45.50413118859219,49.49545719519999,,,,
UGC02953,nfw,115,6,614.5661732528004,5.638221772961471,643.0357660229798,626.5661732528004,-307.8055281107421,1.0230653572759807,0.9694702179173862,1.0189132383226478,1.0641725736169463,2.2655278782140695,2.2446226987066074,2.2654363856010646,2.285976669164949,-0.2633729567985964,-0.32598382178776525,-0.26626863901585407,-0.2082493463959061,-0.2417021537806906,-0.30734318945215366,-0.24625003964885372,-0.18825894136646257,1.1068804690080336,0.997913434040793,1.1000967630509373,1.2646761457039037,50.602969917160564,47.68888183225023,51.019931291452245,53.8719989415216,12.236984881311427,12.2994259419948,12.361046792686453,12.299700419833815
UGC02953,lcdm,115,6,614.1374451951056,5.634288488028491,642.607037965285,626.1374451951056,-308.37579991902703,0.9961565234694862,0.9424820142831907,0.9888774249788332,1.0403688166587401,2.2708499401193247,2.250558412732413,2.2748303125296028,2.295448227204632,-0.2887433795460132,-0.35617952037789785,-0.300086281498744,-0.23759094161292144,-0.2690218497586819,-0.3376193555170121,-0.2771657111608717,-0.21791745388747336,1.1771927759577183,1.0573665872849707,1.2153141915726537,1.3761861203703203,50.66151189445279,47.330479555945274,50.187528827753084,54.014448380245575,12.254792023388845,12.327607722780414,12.389461466805502,12.31566660554958
UGC02953,mond,115,4,637.6750755773415,5.744820500696771,656.6548040907945,645.6750755773415,-319.5338229816782,,,,,,,,,-0.27280209182108045,-0.28131937810825164,-0.27282146459125134,-0.2645274245685499,-0.2531786572638881,-0.26109672248587096,-0.25326719520899377,-0.24531295643501067,1.161844341298805,1.0769829724182005,1.1701883895624114,1.301118971271579,50.94672580862353,47.14429904466172,50.70536740154946,53.8196690061893,,,,
UGC03205,nfw,48,6,128.5761481053828,3.061336859651971,151.80335417083015,140.5761481053828,-71.39453428387876,1.7850405022898252,1.6218275049609963,1.7269316742448972,1.8028791430125417,2.0220537623221846,2.019484715987303,2.041639791261705,2.0683430051614025,-0.555326028207824,-0.6513756707370082,-0.575928860168973,-0.4987382319879801,-0.0972017476394131,-0.21105815029514527,-0.12019676954206202,-0.038435266448142456,0.46126810522658745,0.44812756319895103,0.5373988737940232,0.6787092197636228,65.41234545830211,60.94742525477235,64.42977300112486,68.43450511605066,11.561570933153515,11.628036158976721,11.708145800675814,11.56927807215816
UGC03205,lcdm,48,6,150.6975194716311,3.5880361778959786,173.92472553707844,162.6975194716311,-78.1437330677104,0.753369035819893,0.6550055885849,0.7481029185331364,0.8489114352103849,2.2232592611591873,2.189351850306483,2.223417768412427,2.261257675224559,-0.20966552595718566,-0.27955920554690855,-0.21395700119804814,-0.1537199363127061,0.0025286858857700824,-0.055541224364122566,-0.0004760286510351701,0.050206423609791564,1.111491217051869,1.0027211760160781,1.12649570500944,1.2600695451345794,68.0187946585734,64.3591093482574,68.1069549584665,72.41201751290616,12.071172336111054,12.173370090428886,12.286889810865283,12.172894568669168
UGC03205,mond,48,4,167.29279242084806,3.802108918655638,182.77759646447961,175.29279242084806,-88.34685235976083,,,,,,,,,-0.18872836144094204,-0.22562318771474352,-0.19143819497714146,-0.15951935815977863,0.1235323614330428,0.0995018430424059,0.12091257878374086,0.1412446704908606,0.8798229030004457,0.8304485044715183,0.8899049452065022,0.9576817247920028,66.35358102401494,62.09446743589444,66.00614378157655,69.9381688157996,,,,
UGC03546,nfw,30,6,22.917628622955434,0.9549011926231431,43.324812912928365,34.917628622955434,-12.199560037182298,1.2751029068146726,1.172874848647213,1.2647146567355736,1.3649533394766094,2.0802601251807014,2.051458080689487,2.0855755188166762,2.1260115408843023,-0.29551390111844184,-0.39776186384084744,-0.30888524961126596,-0.22632515688143365,-0.23585403463814483,-0.3218014986217327,-0.2401001601312485,-0.16444995679884628,0.7893803579318096,0.6790803066839914,0.8157282691586027,0.9835335007321832,53.280442305965195,47.8489632387204,52.756641530228904,57.77056564264478,11.657491027260068,11.759843341641634,11.881151407844513,11.74389716073371
UGC03546,lcdm,30,6,23.511011896244675,0.9796254956768614,43.91819618621761,35.511011896244675,-14.514516549990766,1.1072440259960488,1.0016829631279347,1.1037052485877417,1.1941075033985868,2.1137333857196605,2.081805809952744,2.118066070001872,2.1516202362135726,-0.26254543512662987,-0.33939324829439665,-0.26590482257488035,-0.18718043241421725,-0.324077038957036,-0.39691861482408913,-0.32923470386767334,-0.25480070028430796,0.9376022191460189,0.8136105850196039,0.9429384596091934,1.1065867523630906,53.541523615071384,49.199435170082886,53.395293635072846,57.784889971030665,11.748534215049839,11.857314995197223,11.957977493832324,11.844316942350588
UGC03546,mond,30,4,23.7636184676191,0.9139853256776577,37.36840799426772,31.7636184676191,-14.103053867704467,,,,,,,,,-0.19274622313236361,-0.24538941945443732,-0.19515460034515217,-0.1429280685793144,-0.3308691908565423,-0.37000679997113484,-0.3312645909411146,-0.29718002218035255,0.9048881467866099,0.8193427575190123,0.9205235280364502,1.0554563954646634,54.13732601871925,49.21402155142969,53.586307277386666,57.796933979895584,,,,
UGC03580,nfw,47,6,95.36108948162723,2.325880231259201,118.46197509188758,107.36108948162723,-57.33213898067666,1.1310798181582866,1.0518792557657175,1.1235001783295981,1.1942341059608397,1.9973243394822977,1.9738904063069869,1.998305138806371,2.029740358899997,-0.07209659914255577,-0.1655351242354541,-0.0882054061132376,-0.012988350074309811,-0.4548658202799069,-0.5460522726065015,-0.46073246306540594,-0.3839882904393792,0.4394558746179379,0.38075202960100496,0.4506828191712832,0.5502550903986458,61.83260962658905,57.375857655398235,61.55871350013985,65.85434009715105,11.424788004112566,11.49803220161072,11.592337861891597,11.4950898036385
UGC03580,lcdm,47,6,95.38346087144097,2.3264258749131943,118.48434648170132,107.38346087144097,-58.08120591634653,1.0842023865660897,1.0180246543063967,1.0788822632294586,1.141640519755988,2.011195399744011,1.9868763835075525,2.014303468811476,2.041337087588318,-0.10679665995253564,-0.1861643849080232,-0.11704421030287983,-0.04104393819376716,-0.4965871342837204,-0.5748444463736269,-0.49895730417169254,-0.4258040274070414,0.49110328227522504,0.42415502879384004,0.5015696835787185,0.5967694561141691,61.52316563638823,56.68126574684614,61.12397296315987,65.75243960061995,11.463745935714263,11.546027191626035,11.62712804795656,11.53670298442364
UGC03580,mond,47,4,104.16516189079931,2.422445625367426,119.56575229763955,112.16516189079931,-87.04514247369713,,,,,,,,,-0.5447525719743163,-0.5699979931982505,-0.5475413234588535,-0.5261462220353684,-0.9539646835382852,-0.9805349619999377,-0.9474945515716869,-0.9127158799061323,1.0883211365653294,1.020187850494686,1.0859599023662427,1.1671519994982005,63.425530436760404,59.856530428792766,63.65258240258482,67.32099541723595,,,,
UGC04278,nfw,25,5,27.00519726019407,1.3502598630097036,43.09957638453507,37.005197260194066,-14.010054205420953,1.8465779378981384e-12,0.05709300588976504,0.18483059905861018,0.377628927820641,2.728976501823516,2.4374618870368723,2.5897313298857854,2.743732691235584,-0.3982718339659054,-0.4897418627988661,-0.4086550600232802,-0.32138060419358067,-0.15490196553392327,-0.26326813461666887,-0.16568854463170538,-0.06841276332260887,0.9211006013499823,0.6474599373000858,0.88953483983838,1.152879012304516,89.99999100520228,86.00785560518761,88.18365901657177,89.51718580566578,12.815502446302224,13.272310774848963,13.734314858898358,13.690046290662155
UGC04278,lcdm,25,5,30.234887624454323,1.5117443812227163,46.32926674879533,40.23488762445432,-18.262966656549057,0.7133737181735271,0.5689083338754328,0.6835181899362324,0.7993610000861947,2.5267734492454856,2.3410621072044093,2.5203757007954692,2.714442871899234,-0.3419344759651651,-0.4544532324573048,-0.35795076846954044,-0.26493659582445744,-0.15490202668547365,-0.24566498746408968,-0.13376633096626112,-0.038007586281158925,0.3099292152698027,0.22313728704195418,0.338638246507444,0.5035858170415664,89.99999612868754,85.79727987374508,87.84602618319094,89.32410279374244,12.526303106804834,13.064243887578014,13.64644540088931,13.083437132928063
UGC04278,mond,25,3,57.872250565889914,2.630556843904087,67.52887804049452,63.872250565889914,-29.126574099139766,,,,,,,,,-0.24836113854227224,-0.3078637972910378,-0.25214866669436464,-0.19447292586528064,-0.1549019882191292,-0.2513005214708363,-0.15590504897649832,-0.05904841531863954,1.0964112613935435,1.029897585898154,1.1066592239709436,1.1841046677795686,89.99999595533447,85.77410073456267,87.96834204884603,89.41949466285618,,,,
UGC04305,nfw,22,5,30.59961291768162,1.79997723045186,46.0548251844732,40.59961291768162,-16.6913049874505,1.0593230860758118,0.41906533796772605,0.9381097090672165,1.1528161815914524,1.2347361597614688,1.0639491610421747,1.208720967631913,1.3914986709539892,-0.14990789750173805,-0.21978451764424844,-0.11998318727152245,-0.024767556747892536,-0.15490196672523754,-0.25683290733920444,-0.1625195323868194,-0.059821212403732824,0.9968159779008322,0.9425355643122462,0.9955406871532058,1.045005018292329,32.9641428688948,29.80043115751928,33.50508743330092,36.62171403193749,8.694964268318131,9.129279688087346,9.677612798053573,9.207325264476012
UGC04305,lcdm,22,5,31.431664851492712,1.8489214618525125,46.88687711828429,41.43166485149271,-16.913837760673754,1.1410585216323474,1.0564360219465003,1.1432293677270158,1.2404099601679568,1.3130463903895278,1.0989327532086333,1.2637107569946295,1.425337225640714,-0.1828769935342494,-0.2692376190670668,-0.17024744645903273,-0.06960625492954728,-0.15490195987354172,-0.261435113260256,-0.15803590190194305,-0.06056915408656344,0.9953927079565359,0.9424485413178877,0.9905041002116308,1.0390013253265515,30.723635647015527,27.307019390565493,31.66630430440901,35.144025879219605,8.799915044817507,9.294249056175495,9.779128462113748,9.442255956360189
UGC04305,mond,22,3,42.53312565267809,2.2385855606672678,51.80625301275303,48.53312565267809,-26.139795949919105,,,,,,,,,-0.07680720631779311,-0.1660360559604942,-0.0848985387987234,-0.0016906919032923934,-0.1549019547587805,-0.257770638902438,-0.1589059832284832,-0.05915356844278332,0.9949828058989542,0.947227920069639,0.9946342936341762,1.040195463266998,18.300891481922786,17.446859238084244,18.42169554359863,19.27148862685584,,,,
UGC04325,nfw,8,5,15.980070808011206,5.326690269337068,26.377278516410385,25.980070808011206,-8.311750513137408,1.2441701665390372,1.1459124687264912,1.2343187213719404,1.3327866653822504,1.765871451773215,1.7093445643101424,1.7584502307745917,1.807083848435731,-0.2422967364988256,-0.3414924521944179,-0.23155879259809556,-0.11976705513145133,-0.1549019670903559,-0.25431654297835005,-0.1556165380511469,-0.05275973945792746,1.1494200059310185,0.899519890318118,1.1854741196927236,1.4585225432126094,41.67349980563076,38.97203734289831,41.98044892876758,44.71416259181836,10.631150478122034,10.778467477515381,10.9243683304988,10.800731140511251
UGC04325,lcdm,8,5,15.272263682237446,5.090754560745816,25.669471390636623,25.272263682237444,-9.309243288075386,1.166703621770356,1.0955146272876721,1.1614771241548107,1.225760443207035,1.7615679155500865,1.7013882597132675,1.757165107409609,1.8117712172071614,-0.22540741488632965,-0.3168743633074937,-0.21255377355773203,-0.1096725517821593,-0.15490195666644085,-0.261244630643338,-0.16119561727477397,-0.05469486032032217,1.3442899283465959,1.1707493336629193,1.380315323203644,1.5973850607817754,42.4443215985179,39.42798725750029,42.44651044726739,45.18163750622849,10.607281564331409,10.774612107420435,10.938430436813091,10.787820531841867
UGC04325,mond,8,3,50.2616859468124,10.052337189362479,56.5000105718519,56.2616859468124,-29.69429857740703,,,,,,,,,0.0004959062745819077,-0.08201484292074936,-0.0029165305069169534,0.07797176162862655,-0.1549019642497545,-0.2644082140514075,-0.16327536275036444,-0.06503575444735622,1.051853545540547,0.9334958090974729,1.058492275665182,1.2030639031276122,41.217345962982535,38.52074752341047,41.13852037493998,43.77653152181181,,,,
UGC04483,nfw,8,5,3.548700211578164,1.1829000705260546,13.945907919977344,13.548700211578165,-1.7768793336645765,0.9546295364843298,0.2109711240443874,0.631270579347547,0.9875391226615027,1.3883855366928148,1.3544009899189369,1.7034795527559075,2.1259762442647294,-0.3026232165083988,-0.4010043321780885,-0.3014860573605155,-0.1985251975700119,-0.1549019647571463,-0.25023085978004866,-0.15752109028077893,-0.059418177542906944,1.0052570476613756,0.9254996309506497,1.0165277838403068,1.1062934582346278,58.119867928165604,55.67813191235075,58.47776777950098,61.37356070612964,9.566319754948417,10.61355544345933,11.881045517985795,9.66827339527005
UGC04483,lcdm,8,5,4.182541543703474,1.3941805145678245,14.579749252102653,14.182541543703474,-2.3848852243514944,1.1168223379234847,0.9874112048739936,1.0892180198284314,1.1978545189345189,1.2671719384450721,1.1975880506666425,1.2864912813680736,1.394603840477223,-0.31794270930613344,-0.4077509496414454,-0.31103467071339697,-0.21481411820132368,-0.15490196267973683,-0.25384291641502,-0.14692624427950898,-0.04728669613636879,0.9802598310180044,0.9022951843788308,0.9895971143534488,1.075842286508706,57.67508781702307,54.36098544650858,57.26933293943443,60.303554501942656,9.095880937191534,9.362590629295827,9.686928306623276,9.304632600526823
UGC04483,mond,8,3,4.288338290627458,0.8576676581254915,10.526662915666964,10.288338290627458,-6.854243244743915,,,,,,,,,-0.3587612725508895,-0.4598720569182241,-0.3708637871258182,-0.28306994923375667,-0.15490195158767245,-0.251256407889241,-0.1519987491025725,-0.05656667658126857,0.7652914234436563,0.7403140532179631,0.7790046192039275,0.8308220671574443,53.07775890588255,50.702099020906275,52.726593677581455,54.96253226989827,,,,
UGC04499,nfw,9,5,7.14697559749747,1.7867438993743674,18.133098484178568,17.14697559749747,-3.6119841951883305,0.8388504518137099,0.43197401129596985,0.7312649617598007,0.9298456971667427,1.838510653380091,1.7923774955265777,1.8749831745540768,2.029542067941117,-0.3279376192867672,-0.41017106337202053,-0.308152183658435,-0.20767735920182198,-0.1549019549200269,-0.24768873147593687,-0.1529209900711418,-0.05640178973674838,0.9804660644530933,0.7976582563719824,1.0761230571052085,1.352477142369591,49.943790712558624,47.32753247758286,50.22581163972549,53.339911659000826,10.880249271771339,11.128066308853835,11.591742989014957,11.01864874533188
UGC04499,lcdm,9,5,7.1213060339096,1.7803265084774,18.1074289205907,17.1213060339096,-4.022961328955953,0.9755314231944101,0.8594829617243039,0.951433048776982,1.0496026577252657,1.8150368009435074,1.762552671648593,1.8143042731588817,1.8779537679687046,-0.3321240891455044,-0.42184507936485355,-0.3290785120090583,-0.23785443678175644,-0.1549019531141933,-0.2560596278081074,-0.1587142415298765,-0.062073163057139315,0.7723296400005605,0.6283728845751806,0.8140916297460055,1.0417537158162826,49.59629082165947,46.44762883982453,49.445171990245555,52.32458849367315,10.790774800137385,10.94602960466825,11.13697808909772,10.948227188022129
UGC04499,mond,9,3,9.334352160752509,1.5557253601254182,15.926025892761167,15.334352160752509,-4.989176666315481,,,,,,,,,-0.2718186969765565,-0.35430800245145466,-0.271972617494908,-0.18477230274330386,-0.15490196766755154,-0.25750016729077135,-0.15470751132761423,-0.05812969536298095,0.7816214324073122,0.7103704764626677,0.7830413774477608,0.8701265615797125,49.49096100874564,46.479891125900686,49.2947638712897,52.262334648656726,,,,
UGC05005,nfw,11,5,1.9516062087039443,0.32526770145065736,13.941082572695798,11.951606208703945,-0.9781842461329401,0.2777323951471735,0.07315882189693118,0.25004917316314834,0.5068966514894864,2.155298506708764,2.0138040582194363,2.178709616042092,2.3671884223887996,-0.30752234793677224,-0.3991336013659523,-0.3115608414445983,-0.21632922037408164,-0.15490196185480287,-0.23792803951387337,-0.1387813660978286,-0.0496637647408062,0.9979370053063321,0.8052277839604367,0.9989653156335032,1.189731457387797,40.7902324882576,30.81753102340261,39.77565451289141,48.56258854370341,11.544528959849915,12.039245633317883,12.604682052358005,11.969012305317898
UGC05005,lcdm,11,5,2.6200526262992203,0.4366754377165367,14.609528990291073,12.62005262629922,-3.357442241118677,0.8157057477997893,0.7005161107518366,0.8012961145033005,0.9017307619280842,2.207910513030872,2.025712487440253,2.195274112199491,2.4194855574382848,-0.3101106528074008,-0.40511842227325323,-0.31119528324853984,-0.21132709295149982,-0.1549019602385397,-0.258424647532455,-0.16321425212141816,-0.06493730705673978,0.8608570067172808,0.6132272746355234,0.8336607686325566,1.0629717891143375,24.062030789806233,17.671242010934286,25.504872306931297,34.692272384504804,11.580254247512364,12.08893912179008,12.761573457506461,12.126848324284222
UGC05005,mond,11,3,2.1617863935326165,0.27022329919157706,9.35547221192773,8.161786393532616,-1.4014978021490658,,,,,,,,,-0.3432047603700944,-0.431883857600591,-0.3377839868290774,-0.2468917599737838,-0.15490195913373245,-0.26142864305949687,-0.16380088920913377,-0.06650214067931559,0.9477641449016296,0.7397126383593426,0.921178146493508,1.1229965686848784,34.718180598650676,31.325078094384402,35.282042580957196,40.34768166634964,,,,
UGC05253,nfw,73,6,161.7975868530654,2.4148893560159017,187.54034349995575,173.7975868530654,-85.4895232083645,1.3566145064721618,1.3013715548230302,1.3695386178490945,1.426674491517879,2.1839679221399124,2.1391786253030567,2.180197026879401,2.227887475572812,-0.5273218748419746,-0.6057388901708574,-0.5284844462240621,-0.45656795186918103,-0.008241632965837286,-0.06438530577597708,0.003169100970599026,0.07057919111703564,0.7008294577518899,0.5691882837583534,0.6819300493114946,0.8178118882671432,34.242667768397965,30.942862623915218,34.29458037927154,37.702606092732346,11.920652661100775,12.04370786582981,12.186779211910043,12.055020551611344
UGC05253,lcdm,73,6,166.3305222534778,2.4825451082608625,192.07327890036814,178.3305222534778,-91.52979358851852,1.2425437157948322,1.1767107036368836,1.228256536328411,1.2883186104143134,2.2133595039327663,2.187441862872223,2.2175268649339555,2.251219720090068,-0.5608494905035635,-0.6433065049695078,-0.5667390627495638,-0.49468615389494053,-0.12196255481325324,-0.19454502531302895,-0.12856766751802223,-0.06661494921614045,0.9290369756943712,0.8222298104014555,0.9746478106093439,1.1224410918196484,34.05569825865619,31.258445711097277,33.81009370304763,36.2148584986316,12.065442373808276,12.155697379993473,12.25677594546181,12.143195296989905
UGC05253,mond,73,4,352.3688624351786,5.106795107756211,369.5307001997721,360.3688624351786,-176.48127870897335,,,,,,,,,-0.2798017268470856,-0.3130979061746106,-0.281900065971289,-0.24792987441818687,-0.2255561248442881,-0.24316814539750592,-0.22703946363196106,-0.2097126183518624,1.0442208248909992,0.9205307996669172,1.0768642416527439,1.2318928334580534,37.537959367022474,34.26188146828854,36.97808441353283,40.328587397236745,,,,
UGC05414,nfw,6,5,3.952635599687976,3.952635599687976,12.91143294582825,13.952635599687977,-2.0433939428164254,8.752744081068302e-13,0.07655150052226939,0.2652167438068016,0.5336659274618509,2.5308430087336093,2.067084879992709,2.3123244581324665,2.568234086295436,-0.3373191197712578,-0.42444756544991574,-0.3286036823294468,-0.2353141129845136,-0.15490193096141838,-0.23980823105446808,-0.1462759362775485,-0.05101258174773982,0.9852625346747544,0.6559059822226456,0.9411884088804816,1.219760366139186,54.97900453725579,51.938341612989866,54.833169919992905,57.74016709048051,11.704371425169732,12.440090159589005,13.207819044077915,13.095645811392433
UGC05414,lcdm,6,5,5.827924519875512,5.827924519875512,14.786721866015785,15.827924519875513,-4.761490197006111,0.8646485252624152,0.700223974899308,0.8270171425468971,0.9593005772623795,2.0488501085292086,1.8897448563957866,2.0600618237202357,2.295440716772994,-0.32309686256297615,-0.42332063465829106,-0.32461145925487606,-0.2320177495883419,-0.1549019732763285,-0.2516447571898009,-0.15968728549064645,-0.06400065226128039,0.4885269975692985,0.3319094547121026,0.5048440529243952,0.7255989066848322,54.56303440685729,51.392051596492266,54.31522849114036,57.33143953946113,11.172351354378966,11.683302256352313,12.389438935510588,11.649667110779232
UGC05414,mond,6,3,3.7168704741591414,1.2389568247197138,9.092148881843308,9.71687047415914,-2.451907359216288,,,,,,,,,-0.3838554426520662,-0.48195839637723586,-0.39156852184692753,-0.3011083580917792,-0.15490194597921467,-0.2515308485059632,-0.1580662790210945,-0.058464396480966116,0.7916512522506705,0.7148272796807805,0.79494571959053,0.8847048930895073,54.590697022132886,51.84962068387023,54.73040399082667,57.802729128726746,,,,
UGC05716,nfw,12,5,17.36634939582706,2.480907056546723,29.790882644767063,27.36634939582706,-8.854519017233894,0.9209400201246296,0.8541996759190352,0.9311469327973544,1.0112708928377554,1.7523161997464478,1.7003982270533302,1.7439451250911957,1.7982088621731342,-0.3416971389393837,-0.4306665329501419,-0.3314820150483932,-0.23808001794281236,-0.15490196112439567,-0.2516079596386372,-0.15464457591736597,-0.05073575816560355,1.0747918424888936,0.821819823178497,1.0374968493629284,1.2817556115425965,56.94889009019836,49.12284681148984,58.26105648380755,68.15890961359197,10.604311466351596,10.734952160465193,10.897743371711009,10.76006538443095
UGC05716,lcdm,12,5,17.86328368430275,2.5518976691861073,30.287816933242752,27.86328368430275,-9.237441937535605,0.9723099552716161,0.892528173069222,0.9616866149843648,1.0371682566076343,1.765406860248972,1.7102951312947268,1.7527118423398085,1.798954713746893,-0.34232247720029313,-0.4339915592852758,-0.3469065356395744,-0.2502283105016387,-0.15490195688628225,-0.25812385356550216,-0.15181138393606597,-0.052904491464202286,0.9658617238108188,0.7840209054387701,0.9693471350449694,1.1580180467705474,54.163239682784955,49.413694284977595,56.18126870912654,64.48706858649872,10.634002179075786,10.761252312211031,10.899980926432285,10.799337365938523
UGC05716,mond,12,3,51.68027131939715,5.742252368821905,59.134991268761155,57.68027131939715,-35.94200131140615,,,,,,,,,0.14236368759017945,0.11957864851635648,0.14115000100121033,0.1628124933722546,-0.1549019532819301,-0.2506480648319592,-0.14281200639042324,-0.04096488734968279,0.8755432683136362,0.7154244430161197,0.887266136742827,1.1069966498939263,48.58003440235411,41.817832825318014,48.30808001600181,56.168771652257355,,,,
UGC05721,nfw,23,5,19.63027301339367,1.0905707229663149,35.30774409303942,29.63027301339367,-9.940447752787293,1.4728636469485739,1.342987975710483,1.4721459455671047,1.6114335806882139,1.6753482329269271,1.6339562378065227,1.6744238172795902,1.712676376494113,-0.3410984960675004,-0.44532167121593447,-0.34665531195810406,-0.25109006631018754,-0.1549019623100933,-0.24314824534797316,-0.1391995525192058,-0.042246872393049716,0.9139616637753083,0.649129548773154,0.9161309935748342,1.2093817468559922,60.567943983492796,55.89719179293102,60.899394539267625,65.94587748282342,10.404985498611175,10.526388237030378,10.641145914673945,10.529161483972388
UGC05721,lcdm,23,5,21.441309824752466,1.1911838791529148,37.118780904398214,31.441309824752466,-13.160396597053897,1.2572502289851542,1.163229018177246,1.2465135224461807,1.3286995964073256,1.719172407451373,1.6935506251981953,1.721045144053714,1.751203868687167,-0.331548371578304,-0.4204506005004645,-0.3305416003824679,-0.24409123131314067,-0.15490195777075788,-0.25158120911042414,-0.15639464651648932,-0.05229343882662998,1.3516485176734367,1.1723511170992178,1.379384237919443,1.5931037423478445,62.71785331669028,58.42022445518758,62.88713436873243,67.43128478880466,10.583768660786193,10.66625221735275,10.756728391253107,10.660634007545726
UGC05721,mond,23,3,36.794611921568645,1.8397305960784323,46.201094569356094,42.794611921568645,-20.033398649437327,,,,,,,,,-0.19721828001607838,-0.26126078479939985,-0.20317760317251057,-0.14254912847856713,-0.15490195487410074,-0.25407601132524504,-0.1470848991515431,-0.05033609851026824,1.4110069029586416,1.30503509645821,1.4207160154791276,1.550621665802554,63.781230516859345,59.42898439625895,63.57097327860941,67.88922679619412,,,,
UGC05750,nfw,11,5,8.684527133593804,1.4474211889323005,20.67400349758566,18.684527133593804,-4.435333623951911,0.30267887574907737,0.08513523594779221,0.26723147508684647,0.4867683469703413,2.021414963761372,1.8860131635822732,2.038612784369426,2.2188309911249897,-0.2742157572729836,-0.3737893181111188,-0.270223552716797,-0.17171744504487504,-0.15490196807615206,-0.2589821971602096,-0.15633241204852322,-0.052540628695280214,1.052216027576023,0.8436870530473356,1.041663613222545,1.2352862396334527,66.13565143395805,56.73650995569446,66.279840505339,75.74069873610703,11.161156275938426,11.618955138299885,12.159609758566575,11.567361676475723
UGC05750,lcdm,11,5,12.711890515243528,2.1186484192072546,24.70136687923538,22.711890515243528,-9.415915594329462,0.8132890158871056,0.7137879648378691,0.8124655037383509,0.9083050662206088,1.8733773010112933,1.7432234852270907,1.8648575395754117,1.9974716095536607,-0.29704287429729326,-0.3936958250911433,-0.2940641009723495,-0.18612876984361051,-0.1549019636085524,-0.2448729784706762,-0.14489018536835874,-0.04553305191401565,0.703521308431408,0.5591396067431066,0.7457199994607142,0.9501510705533754,55.79310108754346,45.88002672868621,56.36495527316175,67.66312562094204,10.732787240872879,11.09768940391784,11.495531613852588,11.123248688225486
UGC05750,mond,11,3,6.2875629602837195,0.7859453700354649,13.481248778678832,12.287562960283719,-3.924564679913793,,,,,,,,,-0.3058846328205829,-0.4024085011529327,-0.3069109787705513,-0.21683447976267603,-0.15490195391740225,-0.25258352701125203,-0.15111464325468996,-0.052382540553947934,0.8245027832092999,0.6810080819780564,0.8230822411958374,0.9959548727028429,55.14588237543528,48.101563973238086,55.58492214669002,64.69444269788448,,,,
UGC05764,nfw,10,5,52.863475881279086,10.572695176255817,64.37640134624931,62.863475881279086,-26.662176674450304,1.2264773404463358,1.174966806662819,1.233500227849896,1.3285139470816734,1.5665152230155628,1.5300297106339906,1.5659094197902044,1.6100212362429251,-0.2939823351667785,-0.39578653358655286,-0.29423884833403224,-0.18657182198539213,-0.15490197280637924,-0.2636278098352576,-0.16319682643962236,-0.06316741170401866,1.168183518872824,0.8763708778586693,1.1563085016761632,1.4171956388130984,63.75957882926427,54.87807296948343,63.097265592439044,70.59942686807041,10.093205917093577,10.20084504456222,10.33318049392038,10.202662454238295
UGC05764,lcdm,10,5,52.367544063757194,10.473508812751438,63.880469528727424,62.367544063757194,-27.09540889278016,1.1923047848953667,1.1411931451976172,1.192425896712841,1.2508320845774388,1.5618588181640225,1.5244316574189538,1.5566592729058104,1.5993476186715674,-0.2893942660847255,-0.37792225357340686,-0.28141142330557817,-0.18421463992171166,-0.15490194361994095,-0.2560818652507853,-0.1522395542417796,-0.055914938476514534,1.283507682597223,1.041448987359427,1.280099308141287,1.5176381491111666,65.40659450336392,58.67882585188588,66.58446415449635,75.10601654597714,10.076411757448467,10.173094603909037,10.30115964120631,10.188693239683673
UGC05764,mond,10,3,106.35361609706004,15.193373728151434,113.26137137604218,112.35361609706004,-91.79184588947498,,,,,,,,,0.5776672883255293,0.5247047924836122,0.5802975523533678,0.6350082810618821,-0.15490198794018448,-0.24935340703909983,-0.15476265342961776,-0.05065866877997728,0.9654823536902462,0.8147683041739954,0.9449226957376967,1.1087064050629103,59.22969890421176,53.495434189081095,60.31213449770975,69.22276180453161,,,,
UGC05829,nfw,11,5,0.7587973488194022,0.1264662248032337,12.748273712811255,10.758797348819403,-0.38164255342127656,0.15304028364435857,0.11700437377754991,0.3826362644433662,0.6672368807964548,2.3168309409841883,1.719945340888449,2.0976233837846605,2.4817481470230316,-0.2989413085964676,-0.4030598983991698,-0.2945178375766613,-0.19282677290271052,-0.1549019617391788,-0.25685371317152494,-0.1570965893560886,-0.05874683576386802,0.990517284855907,0.710326210856698,0.9772488091512296,1.2765042180291517,33.44765763086723,26.579301359543365,35.20778122129527,44.13402253615967,10.662952807856954,11.795986936545587,12.948361226260701,12.453609608144172
UGC05829,lcdm,11,5,2.928403949107523,0.48806732485125387,14.917880313099376,12.928403949107523,-2.8533111439216743,0.8405708301091832,0.6808692408163657,0.8247252332491004,0.9541941403187663,2.1144535008752774,1.7742880575838254,2.1400556446030063,2.513693747545864,-0.305026622953282,-0.38895146549870796,-0.2917658926952894,-0.1845269606221987,-0.15490194468322088,-0.2560227458936344,-0.16065601947704902,-0.06196313734101777,0.7290574715925201,0.43754382440040535,0.7390306122496241,1.0814705193269127,23.15985914717836,15.574615540072324,24.600120171589044,35.349578730171764,10.825980957943083,11.923283719000626,13.044198027829198,11.84647728781744
UGC05829,mond,11,3,3.83805167538436,0.479756459423045,11.031737493779472,9.83805167538436,-2.48180865148041,,,,,,,,,-0.20813599832226823,-0.3009013182761275,-0.21030317231501378,-0.12556521186377487,-0.1549019660479995,-0.24783593065266937,-0.15041221304116953,-0.05355645447568266,0.9288938196465772,0.6678852117578333,0.9219863098923899,1.1810054320764285,29.457196989629196,25.72428646226775,29.6044650089526,35.45450827695076,,,,
UGC05918,nfw,8,5,0.8775857617900296,0.2925285872633432,11.27479347018921,10.87758576179003,-0.43902686885205505,0.890670889563326,0.35219819307392025,0.7290683855031821,0.9781443105935632,1.6145625144147202,1.549001761741534,1.7242645840143278,2.056159109564191,-0.29922659376107,-0.38647973365884597,-0.2899670652612008,-0.19633955744464857,-0.1549019602509108,-0.2714112001421009,-0.17086883813334638,-0.06636397148760126,0.9968700965967165,0.7447963557993201,1.0423295267814954,1.3361053313107296,45.970806009130136,41.44502385662803,46.06940451566251,51.30943123699665,10.150122070416208,10.67591053723459,11.671594113884181,10.346804328435766
UGC05918,lcdm,8,5,1.2116861372365058,0.40389537907883527,11.608893845635684,11.211686137236505,-0.9145884616275992,1.0484834437751474,0.9100132247187006,1.025372114053021,1.1383708014291771,1.5571359702661822,1.471815307122799,1.5774345526678486,1.718255992801996,-0.30114283341061254,-0.4034759202904925,-0.3062887723282224,-0.19968891215626744,-0.15490196168663722,-0.2564748434568994,-0.1556554771304704,-0.0524074450986886,0.8350156876214818,0.5547191481480253,0.8323992276383234,1.097241041425691,45.0807723579571,40.60499046543528,45.53661492032,50.28905161137491,9.918562706560003,10.235420443195153,10.657884763597595,10.174524695990153
UGC05918,mond,8,3,5.157300213134992,1.0314600426269984,11.395624838174498,11.157300213134992,-2.779140042084955,,,,,,,,,-0.2586333825799615,-0.351252016592755,-0.25668984072490497,-0.1637333178911135,-0.15490195021141642,-0.25357510792902044,-0.15544676497132856,-0.055550636764549396,0.8741534216162092,0.7412933670428168,0.8841569538510357,1.0627377014894128,44.932669066864975,40.062952947928295,44.553420847472935,49.48315549956426,,,,
UGC05986,nfw,15,5,58.62374241102252,5.862374241102252,72.16399341653357,68.62374241102252,-31.575876560371235,0.2308645213345033,0.08301374780622361,0.2671536681812642,0.48711291724649175,2.454725392713566,2.277286572935676,2.4407581726925374,2.574228397072263,-0.22389442038989202,-0.28025822752820806,-0.22339415700788232,-0.162810737591015,-0.1549019315827474,-0.2649422879128039,-0.15305097445911073,-0.05090347355103688,1.595185170238364,1.3485249136499546,1.5442719564955132,1.7369323109718657,89.99999843721326,86.54682464516695,88.35842132207637,89.54632763398753,12.334976503998634,12.82539130326922,13.225801976408395,12.867292963332304
UGC05986,lcdm,15,5,66.4672974272753,6.64672974272753,80.00754843278635,76.4672974272753,-35.23921983623756,0.7356368869129881,0.6223819113987007,0.71632103405988,0.8050542934312048,2.1578638445079465,2.113542014898099,2.1686366270021455,2.236301842222384,-0.23074369469261818,-0.3142391415977365,-0.23343619740276858,-0.15368102369181952,-0.15490198095693974,-0.25340248219836237,-0.1569693088888095,-0.050544905150975095,1.2242262763653589,1.0722982920306219,1.2395140499281843,1.4272459932814403,89.99999991856106,85.97436074970098,88.02148372521793,89.39312446728017,11.843742829885903,12.009026666198043,12.212022311858759,11.976708318715446
UGC05986,mond,15,3,38.35884058423464,3.1965700486862203,46.48299118754127,44.35884058423464,-22.99359152957047,,,,,,,,,-0.4764431525515771,-0.5343405254953043,-0.4820647804804572,-0.4259213523496016,-0.15490180372957102,-0.24998114377710745,-0.1521266908423865,-0.05022885738852046,1.640265051844629,1.561665266292636,1.6543293477810828,1.741342094767859,89.99997658235856,85.8951075414268,88.15818628677887,89.48527068029752,,,,
UGC05999,nfw,5,5,6.562730601484521,6.562730601484521,14.609920163655023,16.56273060148452,-3.4730746625001743,0.6525004875151426,0.19042866570289696,0.46377466846670923,0.7267058944471834,2.2655300900835753,2.0666409045833576,2.3158832331368377,2.628887941471271,-0.30936513674310195,-0.4011085179555356,-0.30424353710387275,-0.21720119504725854,-0.154901957994541,-0.2625857895759961,-0.1505976868627894,-0.0539868237739319,0.9799446626398138,0.7872710183600895,0.986423202293297,1.1754310243524937,15.947471631775468,12.086337593834884,17.94732545553277,25.148690092274276,11.70303949894168,12.45076648460212,13.389780609605419,12.299707055442333
UGC05999,lcdm,5,5,6.109768339581663,6.109768339581663,14.156957901752165,16.109768339581663,-3.671672686046894,0.839500574172346,0.6969262193193139,0.8177276505381532,0.927507257545407,2.3796509912633192,2.192699421181619,2.3821690305004513,2.6245588810268035,-0.3060160778332178,-0.4166007442489235,-0.31200393975797036,-0.21801188571255084,-0.15490196770257392,-0.25332024144326976,-0.15501340044885747,-0.060747538259538686,0.9682615125882637,0.7440050204478283,0.9430038268816098,1.1479811387056365,11.144283035841042,8.473675139166474,11.56054221420944,15.267357534876915,12.081215048736464,12.64962387669296,13.376793428272016,12.642069758981563
UGC05999,mond,5,3,10.828374506953107,5.414187253476554,15.656688244255408,16.828374506953107,-5.441646765131485,,,,,,,,,-0.29646746384417455,-0.3877857401972468,-0.2963317595362095,-0.20902209659952967,-0.15490195353612315,-0.24841454216771566,-0.14662120585066965,-0.047964984128002416,0.9907308146073361,0.7580227631618937,0.9671908332221821,1.1621539587659977,19.748971731280506,18.030884027175336,20.00923925000528,22.823055938830258,,,,
UGC06399,nfw,9,5,4.550030546069812,1.137507636517453,15.536153432750911,14.550030546069813,-2.289177199944721,0.7406535011287687,0.20396725998882284,0.5508710485894153,0.8024149058835377,2.038884939602341,1.9941236494668841,2.2047453647503614,2.513459082632719,-0.2873946081029654,-0.3720931375660822,-0.2703004046003651,-0.16551997862953216,-0.15490193057561127,-0.2491214457764322,-0.15094613459014172,-0.04845533828228535,1.013575696770046,0.8732246400635901,1.0099938168186937,1.155948674977771,75.02663727668389,72.98218544301116,74.88853353302694,76.82440423037065,11.485487733592258,12.11735287944269,13.043494033089763,11.619771603998629
UGC06399,lcdm,9,5,5.304816595375843,1.3262041488439607,16.29093948205694,15.304816595375843,-3.119341071311414,0.894687850216404,0.7694656131819153,0.876741730086093,0.9676750610195892,1.9372319662927464,1.8761785244874216,1.9491674411120663,2.047415797176307,-0.3060680247359754,-0.3930062381670527,-0.3004186767178385,-0.20243521917246882,-0.1549019532798238,-0.2608594813490018,-0.15889168239133986,-0.05880034286041449,0.9458002690553097,0.8174666263307697,0.941527033498424,1.0797205149305245,74.93175847667793,72.98589143633666,74.91275827977476,76.88922794086619,11.13165235865387,11.350619108527805,11.645364176720527,11.314812684069846
UGC06399,mond,9,3,2.6742847973748636,0.4457141328958106,9.265958529383521,8.674284797374863,-1.459933279355483,,,,,,,,,-0.2680559678068406,-0.354827788068799,-0.27477229271507136,-0.19849482631371174,-0.1549019586163785,-0.25363307715135414,-0.15176978121818252,-0.0477545224135599,1.050880185667277,0.9744263946913847,1.054109098280818,1.1410510635910898,75.10295757741551,73.25160149293428,75.10136323235884,77.01998080171434,,,,
UGC06446,nfw,17,5,3.209866915542543,0.26748890962854527,17.37593363582362,13.209866915542543,-1.6074925777134919,1.1708874087620305,1.0457708369859529,1.1539303515069705,1.2771643377280006,1.7612733538801388,1.7250925224423164,1.7611346792388523,1.8013779205294316,-0.29857987439110467,-0.3849666346671137,-0.2862418480969693,-0.19139951074438968,-0.15490195700052484,-0.2534406339787593,-0.15184677016832102,-0.05416097295430067,0.9805706404639908,0.7400434642078382,1.031114678366169,1.3320226174171694,50.94604286020011,48.000344664578925,50.81119409498695,53.677294172383895,10.678394352518556,10.786520822908162,10.907250546779903,10.786936846832024
UGC06446,lcdm,17,5,3.3500823986255326,0.2791735332187944,17.51614911890661,13.350082398625533,-1.9364423185564625,1.1060200356241436,1.0171449101156136,1.0953324742645616,1.171565177564641,1.7712394506029534,1.735271097474408,1.7703649134517752,1.8090994463314083,-0.28781923964627243,-0.373457846665566,-0.2805083872110018,-0.18388800624337512,-0.15490196052508742,-0.2593041077636271,-0.1613340053593662,-0.058914283084261214,1.1199060012635882,0.9446188893358064,1.17000618118378,1.4054659607414572,51.24889478047957,48.2070575238519,51.10790070566415,54.202870963370955,10.70893007761483,10.81421152554693,10.930415124185831,10.816835137000467
UGC06446,mond,17,3,13.54327968804319,0.9673771205745136,22.04291972021184,19.543279688043192,-11.913102774459745,,,,,,,,,0.019531613681462702,-0.042738526063640335,0.01991554776578083,0.08531036716429291,-0.15490195764900105,-0.25215398945185785,-0.1494706853249603,-0.04868272870230829,0.9758922631574295,0.8922744763366776,0.9804127021229043,1.0755827402405629,50.93333964601993,47.94814228702686,50.76965075021424,53.66570944794287,,,,
UGC06614,nfw,13,6,1.8801307732530481,0.26859011046472114,17.269826918022268,13.880130773253049,-1.1446796048522119,0.6582587576274763,0.311823922646517,0.5646831528901806,0.7773661509234511,2.3889419060938066,2.338991048150748,2.413136327589577,2.5218249979830154,-0.3156181761684428,-0.4063434809722632,-0.31158137643142547,-0.21470430880349897,-0.1630470165872115,-0.26981671079454134,-0.1772477455356628,-0.08153985774867963,0.9898593813093097,0.8795833878504699,0.9828987182576365,1.0844537751199124,29.908780697092,26.659694788361286,31.294612335628493,36.45319602637216,12.52008992964385,12.742525767960338,13.068591779140654,12.669942503473026
UGC06614,lcdm,13,6,2.0376122019085274,0.2910874574155039,17.427308346677748,14.037612201908527,-1.5834534435360976,0.8028843599681645,0.699979868577356,0.791393342787573,0.8803931071887506,2.376742900368295,2.308780325771259,2.3767508300287687,2.4406964615974136,-0.32253796830006687,-0.41470562892094864,-0.3111614683675248,-0.21441325571943892,-0.1395503332574102,-0.24433128624531303,-0.1546089069595219,-0.06410190428544468,0.9816607521058611,0.8761770434266287,0.9798399848871266,1.078321386327533,27.225590369066538,24.621480186226407,27.72649708237459,31.119864609012804,12.429457762505383,12.633369275277913,12.825206169983847,12.633345486296491
UGC06614,mond,13,4,10.734131725701149,1.192681302855683,20.993929155547296,18.734131725701147,-6.8306271371907155,,,,,,,,,-0.2924318010581777,-0.38525434938562614,-0.29497167878647024,-0.20814902407275793,-0.3232072503076113,-0.39519936506297376,-0.32005017151920917,-0.2488186821550117,0.994554554374356,0.8972394221439911,0.9906972373429355,1.0885327258969604,33.10004671083587,30.862414790400933,33.081173560404004,35.77092712308052,,,,
UGC06628,nfw,7,5,0.5210720866597272,0.2605360433298636,10.250622831936292,10.521072086659727,-0.3605241540367319,1.3112139295897856,0.40100398808314114,1.0676833193510218,1.5564886600994965,1.4124464079468142,1.1301613768299759,1.41065919032898,1.9011190280804415,-0.30215038757790497,-0.39338115320381883,-0.2997937221943878,-0.20336142729107545,-0.1549019710500191,-0.2634767530406337,-0.16252556774464463,-0.05877598388590394,0.9675910156342542,0.6478207306785655,0.9549046821592923,1.2467207212709512,15.66202554215181,11.474615038951509,16.958656286191783,21.406223152135265,8.893600915681533,9.735094356178546,11.20647386943293,9.740456009032048
UGC06628,lcdm,7,5,0.7370242729677747,0.36851213648388736,10.46657501824434,10.737024272967775,-0.4425819183810755,1.1613357223259806,1.0186087075982304,1.1647218484479451,1.2973162080861025,1.4159557669634522,1.125520926617649,1.373373605058379,1.70826621077217,-0.30113287335064187,-0.4040256507616033,-0.2997322258804872,-0.20522289102255362,-0.1549019582154501,-0.2543994747448655,-0.1567240404604442,-0.05822798597489402,0.9801733150805972,0.6482363106259486,0.9533766644943641,1.2502351441763069,16.36010603135398,11.854304584172223,16.706751116592667,21.625062021478083,8.879679565044553,9.623237600366744,10.627915417508117,9.750984086081964
UGC06628,mond,7,3,3.767954993343754,0.9419887483359385,9.605685440509694,9.767954993343754,-2.326778072008419,,,,,,,,,-0.2820347700744543,-0.38177779395699873,-0.2802978311475443,-0.18704172359254334,-0.15490196155768038,-0.2459991547902752,-0.15051378623539052,-0.05103728514116923,0.9525840398009209,0.5923566929013119,0.9302855354880398,1.2271958799637768,10.919589894099637,9.347240069245737,11.072003008354095,14.290517785713176,,,,
UGC06667,nfw,9,5,9.110397051138827,2.277599262784707,20.096519937819927,19.110397051138825,-4.5643803009321005,0.8257722959071958,0.676607592286424,0.7922253738489645,0.8923587362966116,1.9969774855679854,1.9487665714683362,2.022514666676645,2.1221699975660315,-0.29859977189789966,-0.40013448991742573,-0.2903619849661453,-0.19099420889742127,-0.15490195887173025,-0.2567778931319743,-0.1646463187679525,-0.06128261296026571,1.0185158204761724,0.8880794772510313,1.0229458698304337,1.1630640237305814,89.00059502622813,87.84893317471176,88.7382684324944,89.48330164444684,11.349416499596614,11.570660785221541,11.869626777889701,11.494049241895564
UGC06667,lcdm,9,5,9.44973616444117,2.3624340411102924,20.435859051122268,19.44973616444117,-5.178509947102602,0.8819519338021824,0.7949352494282159,0.8705382257954197,0.9454493812783726,1.9658137062078902,1.9215185373792458,1.975694403932672,2.041145490966587,-0.2990824486927681,-0.39222580376043614,-0.29805608436926034,-0.20479890371345214,-0.15490196226264008,-0.2499481234820967,-0.14368623571916161,-0.04620560106507304,0.9653341217960032,0.8273545903228515,0.9626747384606648,1.0955356024888538,88.99948057309811,87.88676639736954,88.75760448267357,89.51279450579649,11.267672397329344,11.430199996989622,11.626553258091368,11.400557903815276
UGC06667,mond,9,3,33.04241259410586,5.50706876568431,39.63408632611452,39.04241259410586,-24.978383680285756,,,,,,,,,0.04319572807243586,-0.02099440865153493,0.046074841613410786,0.12087231065399504,-0.15490194891836565,-0.2610618599848623,-0.16376199874270475,-0.06188900238770159,1.312578885195208,1.235631002804604,1.3071065801116237,1.367557733505959,89.01279356717626,87.91274286265411,88.79682851560248,89.55335618927683,,,,
UGC06786,nfw,45,6,26.91959277954192,0.690245968706203,49.75956771816384,38.919592779541915,-14.752833842155235,1.390014300214443,1.313723575483385,1.396697148929947,1.4915325827156023,2.1424303407405785,2.1136349223931985,2.1413865497230273,2.165078236522128,-0.41256746005163564,-0.4982646257218666,-0.4144522366987595,-0.3395526187876489,-0.10537159144382086,-0.1777374724816733,-0.10172419481188426,-0.01955266089170099,0.7414518694852625,0.5901373165369804,0.7337682107535355,0.8805963062084031,63.519318391853275,60.81938233012917,63.522491782375624,66.24794334593395,11.844021552371203,11.927276434360689,11.99835149475799,11.930407807413342
UGC06786,lcdm,45,6,32.03104149137981,0.8213087561892259,54.87101643000173,44.03104149137981,-20.300340414946376,1.2101405287743447,1.1419997936977615,1.2073739550723852,1.2781738227740345,2.185220641527949,2.1667005022072043,2.186944664585633,2.206706152647338,-0.4088004698877,-0.4858743680260512,-0.41419144485657955,-0.3440078840800828,-0.20635206428456343,-0.2647014134684821,-0.20923465692497517,-0.1530255937876098,1.0276066570804092,0.8989759855116564,1.042918814004444,1.1824529258676755,63.72536084280804,60.41262412172973,63.47081967486597,66.59959435306034,12.00321829181322,12.063950778948506,12.123235243133621,12.058778709775453
UGC06786,mond,45,4,72.58055243300939,1.770257376414863,87.80720239209066,80.58055243300939,-52.49645768852734,,,,,,,,,-0.5165037678038491,-0.5101914197987132,-0.49699614587109575,-0.4813559314010504,-0.47723424333901576,-0.49358410883702963,-0.4774952203272457,-0.46090130865284545,1.748136727975246,1.7213990496118268,1.7383882905860062,1.7466049260838872,72.70107731691371,70.86657537517071,72.00305949887183,72.7091894661536,,,,
UGC06787,nfw,71,6,1189.572015192487,18.301107926038263,1215.148094454735,1201.572015192487,-613.4431254181156,3.303940376749271e-15,0.005992285536307963,0.02269666502882044,0.06002728478963248,2.6394096060533876,2.6262766632880887,2.6515676297931314,2.683702044219421,-0.023043070329924007,-0.0160734132012222,0.009450271951710965,0.04517250630801879,-0.5913689424088902,-0.5822525970400207,-0.5583235504585057,-0.5256290833698024,1.7492957746472277,1.5276692646602692,1.639276878614847,1.7186098532424552,69.7183301536867,66.70553689817923,69.29349395112418,71.69842900724193,13.381946775055873,13.457819674571,13.554222917849868,13.421345603351769
UGC06787,lcdm,71,6,1208.0773827891335,18.585805889063593,1233.6534620513814,1220.0773827891335,-636.456197704748,0.14254080135838437,0.07639615411412742,0.14199862561979396,0.20724357379092911,2.6118189451715548,2.579603345795163,2.61722472124064,2.6644063769638078,0.03694802038207168,0.0037662774562190887,0.04344900040571513,0.09386817738878794,-0.5259633975274332,-0.5584819948089704,-0.5203077015259174,-0.4724474415208494,1.5272425169226325,1.3472942126595138,1.5126605980996413,1.6421105605811182,68.73348258120166,65.96794546965265,68.67787731180334,71.32937069477684,13.241926822577096,13.354790948913525,13.49633591608303,13.33857362070627
UGC06787,mond,71,4,1349.6176466697384,20.143546965219976,1366.6683661779036,1357.6176466697384,-689.7720548837763,,,,,,,,,-0.3507616859616264,-0.3599329760649999,-0.3389097078003486,-0.3154792829566773,-0.5775520554848866,-0.5851189354739329,-0.5747783393147392,-0.5636866702787007,1.7483814987992123,1.688220623626678,1.721886380940236,1.7420757348293239,71.05371216550111,69.90536115993338,71.7898342799433,73.62783908844793,,,,
UGC06818,nfw,8,5,17.524992014615698,5.841664004871899,27.922199723014877,27.524992014615698,-9.573275960661366,4.843559862593397e-13,0.0579502214934986,0.20511635463769262,0.42201206890545634,2.528177149586096,2.174647671181497,2.358487480283793,2.5008511554426116,-0.41222416342107027,-0.5050840782570274,-0.4169550220455721,-0.3313133444427639,-0.15490198146208728,-0.25372166363961596,-0.15782572650274063,-0.05888883138774464,0.9151996020759561,0.7697712094828897,0.9150742437715071,1.05507148529296,74.66649227617107,71.8122306602225,74.5910902882534,77.38406275595482,12.027059798736097,12.578579226042985,13.00567025151944,13.087648233949894
UGC06818,lcdm,8,5,21.534784479002866,7.178261493000956,31.931992187402045,31.534784479002866,-15.235632527065471,0.7679744746373018,0.6338404980538146,0.7396232568436814,0.8422334109910891,1.949540415285035,1.8526098054347084,1.9570689748656567,2.087175066311069,-0.40792155990772705,-0.5074947276440785,-0.4159874176969971,-0.32856737740209263,-0.1549019551596645,-0.25745869574764,-0.15906151265486576,-0.0549897412447391,0.7315328442488738,0.6462581817052431,0.7593436467217791,0.8933885641737007,74.28052998690298,71.5028678100084,74.59177909451074,77.43958153527016,11.060946201495732,11.374323709788577,11.764641984124813,11.351738031046711
UGC06818,mond,8,3,25.429126133095426,5.085825226619085,31.667450758134933,31.429126133095426,-15.187805407342232,,,,,,,,,-0.5020618719717522,-0.599528136324988,-0.5158264652963831,-0.4256277448968005,-0.154901971187762,-0.2646973634316285,-0.16475979741186833,-0.06447529867999144,0.8700021425933503,0.7988747901072526,0.8797747232437088,0.9615597199314264,74.48880113645409,71.27600459835634,74.29841276438208,77.54533622226192,,,,
UGC06917,nfw,11,5,6.9736319911286575,1.162271998521443,18.96310835512051,16.973631991128656,-3.5468493268008476,0.9211234942882219,0.6845481571929377,0.872293213792966,0.993738884413526,1.9947697436967227,1.9585837619635689,2.022776999970921,2.1362765856679737,-0.32822930895824903,-0.4073334395203275,-0.30989501355788096,-0.20656715066830728,-0.154901944181018,-0.2652460704080073,-0.1616177373597738,-0.05274066253461843,0.9716950769530595,0.8550374777063882,0.9886122425224797,1.1244349762927353,55.86503608897216,53.811623845418794,55.73331612532914,57.70159857447931,11.378868071082314,11.57144778510437,11.911946542195528,11.487426016281773
UGC06917,lcdm,11,5,6.881926062420695,1.146987677070116,18.871402426412548,16.881926062420696,-3.6117292592730315,0.947660959074353,0.8480000245293838,0.9374923205582608,1.0172581431950727,1.9844249265558496,1.943184016948016,1.990252496180509,2.0449286461146476,-0.3361727017477545,-0.41257315866864774,-0.31968578642109896,-0.23009429984943136,-0.1549019495233835,-0.25254632053811166,-0.15025285472197555,-0.053294033671834856,0.9492446316228782,0.822538607048623,0.9454954170623874,1.0702006924202019,55.786764355034464,53.998643497619746,55.861628879688,57.87081203071817,11.332668836035653,11.473874273733134,11.63790272353555,11.456391564859155
UGC06917,mond,11,3,10.367111049309285,1.2958888811636606,17.560796867704397,16.367111049309287,-5.254735653851176,,,,,,,,,-0.2650156870197956,-0.3364911068520275,-0.2692523403578313,-0.1964061325798472,-0.1549019093847772,-0.25189348793292476,-0.15573474928237718,-0.05427708743653625,1.0147798133510193,0.9354812622192221,1.0183291851986485,1.1038356383202004,56.07302428752805,54.163758962419124,56.09983835796435,57.95233353083368,,,,
UGC06923,nfw,6,5,3.6691435589743735,3.6691435589743735,12.627940905114649,13.669143558974373,-1.8695586842706502,0.4953887199580257,0.1407561322252907,0.48596293568693383,0.8339472799094625,2.2870129961770456,1.955082354333277,2.2877317371185173,2.5972893208588124,-0.3240567093541237,-0.4185105312570807,-0.320929234836848,-0.231414576802233,-0.1549019416801724,-0.24657094074680913,-0.1508552121521542,-0.05512106839375383,0.9823807936540712,0.8468155357394569,0.9767082062879974,1.1078624488481197,64.94142251006627,62.94242665783185,64.98893569833439,66.985480535219,11.368363848191438,12.366311996547157,13.294984747768044,12.364155773722743
UGC06923,lcdm,6,5,4.1699739448484,4.1699739448484,13.128771290988674,14.169973944848401,-2.4384586419002052,0.9560504893359059,0.8168357666237772,0.9430022927847457,1.0544008983569746,1.8773075838924689,1.7838422367130842,1.8822824550136277,2.021023271419052,-0.34688499631791625,-0.43629442929920026,-0.34738143240906294,-0.2604992579167428,-0.1549019404252613,-0.25447663052255753,-0.15170297425448526,-0.0438166881891533,0.9307811868688651,0.8086561949186281,0.9315137785121468,1.0594502035686342,64.81042613668413,62.65988222149257,64.65349130415235,66.7016897485706,10.854643495330858,11.149964150232488,11.566186599448763,11.135039536869012
UGC06923,mond,6,3,4.479121395308054,1.4930404651026847,9.85439980299222,10.479121395308054,-2.6348323307424284,,,,,,,,,-0.3655085918113889,-0.44601344745518523,-0.3604786263838178,-0.2794826142794546,-0.1549019320100111,-0.26745087738787693,-0.16125724769868985,-0.05966856626144017,0.9169136255481944,0.8344160743249843,0.9125078589285247,0.9991452896539604,64.7398085847271,62.78011364316836,64.8088190874074,66.80041653364118,,,,
UGC06930,nfw,10,5,2.185815906904538,0.4371631813809076,13.698741371874767,12.185815906904537,-1.1009548965107778,1.035417416166788,0.813951121621554,0.9950958670406618,1.135135598542299,1.8931458510689638,1.7995014539874659,1.8885258096799131,1.984371223135427,-0.3051362264701028,-0.3889891553994237,-0.28790421116491377,-0.19014048718604593,-0.15490195964614575,-0.2499255936161521,-0.14956947568137724,-0.05524397966857203,0.9926582679977984,0.8735596733345838,1.0146263195346137,1.1554854773297074,31.461169237118035,27.621710028519452,32.88015298093168,38.06694876569834,10.901621147154003,11.168694214231344,11.456230454597886,11.182554338398498
UGC06930,lcdm,10,5,2.2193685355006862,0.44387370710013724,13.732294000470917,12.219368535500687,-1.1155551012092708,1.0173198412798636,0.9224790413989565,1.012134325343608,1.096885270225665,1.8908860782472365,1.8085059616326367,1.8860339346173145,1.9686265080212648,-0.3020677091403007,-0.3885516465037976,-0.30006187512692983,-0.20797963010632298,-0.15490195999809192,-0.25821559597952165,-0.15599955125563897,-0.054885577208202696,1.0001943079231022,0.8663579833694538,0.9952780502774656,1.1268103156712386,31.88117163809666,28.28677502854586,32.41842302676804,36.536238949712406,10.928634670089515,11.16121858904355,11.4089963092554,11.175775019933315
UGC06930,mond,10,3,8.909418814616277,1.2727741163737538,15.817174093598414,14.909418814616277,-5.269411498519845,,,,,,,,,-0.19419453296297323,-0.28872796320496846,-0.20615570453237303,-0.1168615614996424,-0.15490194415413866,-0.25286304266361803,-0.15855624008944427,-0.06064019170818168,0.9597251799102642,0.8262303937364931,0.951301602507698,1.0804680741422772,28.822206251889085,26.842048501767422,29.0855417373158,31.7599438900935,,,,
UGC06973,nfw,9,6,5.401614466415292,1.8005381554717639,18.58496193043261,17.401614466415293,-10.441742789411304,1.2476757139147079,0.7243947877945112,0.9567151652025576,1.1894328417066333,2.1934910343109504,2.2234537210754883,2.4471020793791993,2.7247888519325767,-0.534593951338941,-0.6351264061606753,-0.5626282685047748,-0.5048593812461968,-0.24041711416114786,-0.3582319247294603,-0.26721365522559737,-0.174460371843156,0.5833333333334485,0.6055809211556229,0.6603706742267985,0.7474805646456153,69.36954812216044,65.8604142533183,68.83663898205158,71.916824390931,12.173477948418071,12.844423023329204,13.677483340989337,12.083589888124457
UGC06973,lcdm,9,6,9.894543095471386,3.298181031823795,23.0778905594887,21.894543095471384,-11.438492989604754,0.8021426955062567,0.6749601525445202,0.8206672090573852,0.9870112597475176,2.661759273487994,2.4061148294745576,2.600276704820568,2.791985246961878,-0.5176358337664919,-0.6222786235032502,-0.5595474193516293,-0.5028010060129844,-0.24033338185327724,-0.34948539736244144,-0.2576994898599388,-0.17524544699770384,0.6259889138683554,0.6143167521894523,0.6782611938964881,0.7552632904676954,69.54584972337285,66.45779693515168,69.26395839034772,72.40970559358718,12.72146127361528,13.303946899653312,13.87907252607724,13.48839460565559
UGC06973,mond,9,4,82.84925495578311,16.56985099115662,91.63815326512798,90.84925495578311,-60.03087330334177,,,,,,,,,-0.7988593908789898,-0.8439365208911268,-0.7965665105616585,-0.7450578522869243,-0.4198298887386877,-0.4947231793113128,-0.4174375556858708,-0.3430610872963167,1.3093032307839056,1.2238265573407294,1.3031548229984256,1.3721497208812732,73.01457491128932,70.58457429461883,73.20213019611836,75.95729838446067,,,,
UGC06983,nfw,17,5,8.903555360376243,0.7419629466980203,23.069622080657325,18.903555360376245,-4.463327944047869,1.115913662809966,1.007746075558921,1.105695612197386,1.193133091145966,1.8945505667854055,1.867281409908606,1.8973203283894766,1.9311177430611488,-0.31025987066639305,-0.40485836240231576,-0.30653182670013795,-0.20969429598488826,-0.15490190880436888,-0.25096508378092863,-0.15288996311603362,-0.05075810350447753,0.98360362024946,0.8557313976657128,0.9926360557259708,1.1355999180214327,48.97460832651831,48.05939866077446,49.04560264633932,50.07595410593093,11.104961014917425,11.195077770360037,11.296470014375053,11.186768485547823
UGC06983,lcdm,17,5,9.113460148731832,0.7594550123943193,23.279526869012912,19.113460148731832,-4.793466580410973,1.0725176539988657,0.9911529134482453,1.064715280464305,1.1340438106924333,1.9059216043756266,1.8817935010532327,1.909967159965784,1.9393340416169238,-0.29150400536867094,-0.3778883764848773,-0.2785403371162851,-0.1853454465313749,-0.15490197344400747,-0.24508124683692392,-0.14381756425651004,-0.04292758881096491,1.0288328673696996,0.9133508608840555,1.0302513434917555,1.150430661224629,49.02932487554746,47.99396219173093,48.98149671179163,49.958531371595946,11.148497288351304,11.233018265088958,11.321118910042378,11.220881598318487
UGC06983,mond,17,3,17.108389807132696,1.2220278433666212,25.608029839301345,23.108389807132696,-10.557586023643266,,,,,,,,,-0.10298850342926572,-0.16798830942528795,-0.10641506159914202,-0.044455568906653614,-0.15490202179499843,-0.2518485700878301,-0.15516622925118778,-0.05729451537810732,0.9604347293828182,0.8979500830004583,0.9645336885658331,1.0297978700698733,48.940099349153414,48.007833876790556,48.97021276946271,49.92401673669913,,,,
UGC07089,nfw,12,5,2.502923318349534,0.3575604740499334,14.927456567289536,12.502923318349534,-1.3318430270809776,6.176055794463268e-13,0.07047089457557593,0.2351372821904556,0.4400960164655812,2.428703412579721,2.076614242858616,2.2514336241245436,2.402548771956106,-0.33587766597594093,-0.427088959674606,-0.34216501971431,-0.2557524413211587,-0.15490192931552238,-0.24071178830324505,-0.14150705448588866,-0.04000834600968288,0.9726541322232118,0.8236713492134737,0.9555902142388916,1.0875981115661568,79.92894663298092,76.69585593233366,79.5987032085117,82.71160579172803,11.732959513767454,12.257417657565238,12.710763101059923,12.78922702293077
UGC07089,lcdm,12,5,6.790697622262387,0.9700996603231982,19.215230871202387,16.790697622262385,-6.920511171030249,0.7796754177743905,0.6613648912812685,0.7686679439652928,0.8647521389250865,1.893982508436599,1.8144139709936609,1.904231530780682,2.006161516729599,-0.3639237485904986,-0.4659016581359107,-0.37237822838874246,-0.2757014494584973,-0.15490195957890263,-0.25664792909943773,-0.15452715060149222,-0.052450807384985115,0.7826425043386841,0.6665124677168868,0.7816058654728364,0.913832045553266,79.61178853984376,76.44110506222059,79.3141086325375,82.21988165667183,10.946358698172588,11.215811377533653,11.521601335380403,11.185064310501403
UGC07089,mond,12,3,3.701600848421972,0.4112889831579969,11.156320797785973,9.701600848421972,-4.565217803373396,,,,,,,,,-0.4360663160629607,-0.5335858842075581,-0.4487879966612915,-0.359095950672087,-0.15490197279333628,-0.2481920664006311,-0.15205799204457984,-0.05390168271742593,0.7376952362783223,0.683954791271184,0.7500429306873995,0.8140929110062369,79.41085659495207,76.04374573701261,79.11734383174678,82.10415022987186,,,,
UGC07125,nfw,13,5,6.677882658095659,0.8347353322619574,19.502629445403343,16.67788265809566,-3.8761167786574635,0.8554646521498177,0.658340386021824,0.8105109945813841,0.9714253882383628,1.719894167484397,1.6834885238438824,1.716883830682138,1.755748617478885,-0.30818802637391574,-0.39161582219534696,-0.3008587774291992,-0.19539172223443402,-0.15490198914302572,-0.2548538011369636,-0.1527311697807235,-0.0490096916925192,0.6918786357223796,0.5276515963402442,0.7597964667899963,1.0019077723684593,89.99999921847015,85.37705756262507,87.56359026300488,89.24605587009272,10.553582356723254,10.653768277238019,10.77036263762826,10.662799287644798
UGC07125,lcdm,13,5,5.5486211356109045,0.6935776419513631,18.37336792291859,15.548621135610905,-4.366053937676758,1.0067460387274798,0.8874031196774179,0.9820169386122009,1.0895412348448354,1.7088962414912072,1.681078480469952,1.7075133962183835,1.7356239499444894,-0.31299046703381717,-0.40283686111487027,-0.31089186655228346,-0.2231083663369021,-0.15490193936473723,-0.25614268414135405,-0.16551446267402736,-0.06255743082694523,0.4902108986454562,0.38579494391367564,0.5256225543672151,0.6769170356802603,89.99999963966324,85.90970255877046,88.02330866417847,89.42650886374615,10.546352226601462,10.625656973846757,10.709988635025075,10.629805509665228
UGC07125,mond,13,3,15.617007391878321,1.5617007391878321,23.311855464262933,21.61700739187832,-13.530504284070332,,,,,,,,,-0.03487867729828434,-0.10601633667196929,-0.03580182332679149,0.029248357060565836,-0.1549019994498113,-0.25248778771293684,-0.15488801067335725,-0.05333612602521797,0.37777503122433603,0.35881563029979524,0.3794360036855705,0.4006488686776315,89.99999927090258,85.76864190096234,87.93452213368852,89.35914180367891,,,,
UGC07151,nfw,11,5,21.65028599602642,3.6083809993377365,33.639762360018274,31.65028599602642,-12.047047380138753,0.9251130343093767,0.34603095831260844,0.716484476216757,0.948072771025465,1.785916384152203,1.7626739688753175,1.9006532292483627,2.1971276005559894,-0.14690265528451357,-0.15747212132278116,-0.061846515702535354,0.010603616274103608,-0.15490197912871723,-0.2660440073865201,-0.17112884023381342,-0.07832229907007751,1.0129325755598106,0.9710588102840099,1.0206070599127202,1.070048883689887,89.99999989625951,85.67375052635562,87.88886735995476,89.37615091642591,10.791138691817558,11.205076472936694,12.094499586859575,10.860865937648216
UGC07151,lcdm,11,5,22.95268561952046,3.82544760325341,34.942161983512314,32.95268561952046,-12.313621564854602,0.9856628596984551,0.8768650631845031,0.9726424896003476,1.048120795736341,1.75960382386073,1.713344114762948,1.7648249640362357,1.8247590037638086,-0.18413128020044905,-0.25890774908810493,-0.1688270564692003,-0.08704905655761733,-0.1549019364259122,-0.25963285886866927,-0.15650758032212184,-0.055790474841272766,1.0053894566855408,0.9561910036964223,1.0025032957614648,1.0484126969432321,89.99999900428341,85.76701319430991,87.8472244377361,89.31624123686527,10.64314912948045,10.797591677300314,10.977393796483032,10.781928256773796
UGC07151,mond,11,3,29.461639914592695,3.682704989324087,36.655325732987805,35.461639914592695,-15.977509171650706,,,,,,,,,-0.2907315255437996,-0.33452222159844036,-0.29065386482343514,-0.2514200736469506,-0.15490198347054465,-0.24675606785165716,-0.15172445598993464,-0.05481390476255754,0.9220186678107546,0.8878227268463451,0.9255235261639397,0.96582005285561,89.99999929433864,85.61508758084034,87.94306293385233,89.3747949978501,,,,
UGC07232,nfw,4,5,4.597344358481191,4.597344358481191,11.528816164080645,14.597344358481191,-2.3474904646412678,1.7458839550844833e-10,0.21597055697361922,0.5874811053248309,0.9565944848788223,2.864983011873756,1.8474810196917884,2.297607787403982,2.682171220268406,-0.33058145646716675,-0.4171643906504217,-0.3254342884914693,-0.2311296048998515,-0.15490194262875084,-0.2583206882644506,-0.1579064562212692,-0.05472765894494645,0.9969908674187627,0.9368353770607273,0.998165866058591,1.057288181550901,58.55845844349691,53.78800530803803,58.75003824179295,63.69711412921838,11.045559844266972,12.395940147403554,13.549630445996824,14.098065820812874
UGC07232,lcdm,4,5,5.358152439544224,5.358152439544224,12.289624245143678,15.358152439544224,-2.8316876927498567,0.9841701986591792,0.8075416275810875,0.9598058013881375,1.111999576536853,1.826950094821734,1.628983162149685,1.855617915480525,2.079121120074801,-0.3344599963810695,-0.4278893256639624,-0.331622401382755,-0.23764197990885386,-0.1549019601554294,-0.2548992591901029,-0.15430302631318574,-0.05260860982554145,0.9922397123450839,0.9346654954925729,0.9936921643940468,1.0543691294053694,58.02289432394531,52.68209644552295,57.90846320717743,62.97692632517207,10.390066271640663,11.069970531633182,11.74048014541601,10.983967069656808
UGC07232,mond,4,3,6.32913296622832,6.32913296622832,10.48801604958799,12.32913296622832,-3.202741849542717,,,,,,,,,-0.3227206538907157,-0.40535495277840067,-0.32080511257292155,-0.2406147836139923,-0.15490196052296867,-0.24926931404897518,-0.14842513498080767,-0.04446359144491871,1.0052044115274557,0.944865730713621,1.0032701484946545,1.0604865397993049,59.73817510261793,56.000557732952295,59.95264427854818,63.95863519230668,,,,
UGC07261,nfw,7,5,0.2064174414309531,0.10320872071547656,9.935968186707518,10.206417441430952,-0.11122244297106536,1.2059174635048724,0.5406073082902156,1.0466369356182559,1.3287975239794587,1.706913088607184,1.532645267376138,1.702639693623144,1.9097301589056743,-0.30739131269539643,-0.3826349739774609,-0.29300889580191736,-0.19828616065332808,-0.15490195929479092,-0.26279682417545547,-0.16148367201371133,-0.05140062871199322,0.985704112263281,0.7501225591994904,1.0447610724201915,1.350184898877878,29.014606446101894,26.106463881849702,34.96174640104732,43.2921672932917,10.10105258732002,10.611035866061037,11.23230726190863,10.623856051013158
UGC07261,lcdm,7,5,0.4034454608016534,0.2017227304008267,10.13299620607822,10.403445460801654,-0.26171462259749034,1.0919790639620301,0.9737353734705329,1.085935162075503,1.1937373619793188,1.6869232227400008,1.5143030529750443,1.662441808232669,1.8003098819431944,-0.30327799700944524,-0.40005853786895273,-0.30478156552002744,-0.2102948208759156,-0.1549019569281239,-0.25100576575023414,-0.15011002751243174,-0.05208153169087806,1.048835256452803,0.8049127984449242,1.0521255186904264,1.3583519184165536,32.08933163201319,27.47504690336013,33.799160241635974,41.83605422660229,10.046025944116739,10.490442209889615,10.90404643102119,10.563886453411609
UGC07261,mond,7,3,3.811884787291367,0.9529711968228417,9.649615234457306,9.811884787291367,-2.029363216414908,,,,,,,,,-0.2527758464902359,-0.34143335123515395,-0.2504660503148035,-0.16149360967486331,-0.15490196624277688,-0.25681817443600197,-0.15557433728489767,-0.05486046726566531,0.9845757962054794,0.7315323479244467,0.9588911473619048,1.2338306630767915,28.934544529619913,25.431286095133352,29.304018869806985,34.163781625846106,,,,
UGC07323,nfw,10,5,5.286885190129962,1.0573770380259924,16.799810655100192,15.286885190129961,-2.7350566977090787,1.2978874910798046e-12,0.06925754604359516,0.23793142679374413,0.46649795924644266,2.630439101425906,2.147758586226751,2.4252417611266086,2.658589800193724,-0.3437995647715667,-0.4285058832763828,-0.3394383617409019,-0.24194584877280415,-0.1549019463629604,-0.24942541205104504,-0.1516774028986022,-0.04694316434958706,0.9948763914243692,0.6939266450023036,0.9789197987350784,1.2932001227109073,47.01078302491335,44.35194517130113,47.397794345084556,50.35636451849362,11.946392543871859,12.778842068571432,13.478886185772778,13.394434089469325
UGC07323,lcdm,10,5,7.096482962979259,1.4192965925958518,18.60940842794949,17.09648296297926,-5.548803973539227,0.7969710341555669,0.6342893895509577,0.764515448719779,0.8931740047897685,2.2798149422913636,2.096663442929526,2.311174628607035,2.5631009388280535,-0.3282411557269306,-0.4355399661229745,-0.345438643111306,-0.24044775115313669,-0.15490195850652178,-0.252627624805428,-0.15497287471299148,-0.05271899412585346,0.4627818782713597,0.28194243108922673,0.45861142915552816,0.7154410153548098,46.42270403540009,43.77641906060356,46.769615941529864,49.56670568717053,11.793107113980183,12.436640671012713,13.192419601675766,12.342561612065698
UGC07323,mond,10,3,4.4774701470319975,0.6396385924331425,11.385225426014134,10.477470147031998,-2.7035768533170303,,,,,,,,,-0.3830794412037414,-0.4776384880781634,-0.3850712393288626,-0.2870249228649028,-0.15490196171629705,-0.25809972886441085,-0.1609578548534532,-0.06137698147344865,0.8537716759854235,0.7499189320178523,0.8641608335965665,0.9919785177232033,46.5877144194087,43.356734225606004,46.29063892479085,49.31051050821657,,,,
UGC07399,nfw,10,5,8.013306536204563,1.6026613072409126,19.526232001174794,18.013306536204563,-4.0290932242532715,1.2642927515298719,1.1306153181941003,1.255420244744847,1.3957007736336156,1.872307316999307,1.8297305857446047,1.8762961104543971,1.9232870341732167,-0.3180789963161754,-0.4055560243171505,-0.31311895662930933,-0.21851224360894947,-0.15490195377902183,-0.26215330458350405,-0.15899393408189302,-0.060614427063716475,0.9632699619760169,0.6978552232310058,0.9717078047314083,1.2670298093339305,54.913312704027504,51.813087087407176,54.79559034343265,57.78985477401193,10.99230854242542,11.132005116554797,11.272977887711257,11.120038736189528
UGC07399,lcdm,10,5,8.511767703842759,1.7023535407685517,20.024693168812988,18.511767703842757,-5.323340840408568,1.127178429017214,1.0337377290668293,1.118259898990397,1.202077048541444,1.908995388778404,1.8752674688876272,1.9120278707775038,1.952952606626341,-0.30397707360029497,-0.395328392863523,-0.3012966195722674,-0.20779064257807395,-0.15490195898156034,-0.25348885420608064,-0.15364550824014694,-0.047475625400408936,1.2625957268503234,1.0686204862845952,1.2714635115193038,1.4913917001406434,55.57875296412034,53.05515394359458,55.81319917766885,58.64977673792583,11.128919191854488,11.239200397524119,11.36197460507063,11.230102951526817
UGC07399,mond,10,3,12.708617521627119,1.8155167888038741,19.616372800609255,18.70861752162712,-10.728699080656423,,,,,,,,,-0.21486880147012646,-0.2652914745074273,-0.20730716578123853,-0.1387396561349139,-0.15490199785057537,-0.2524631051162717,-0.1552492771013291,-0.05981494127840922,1.791335258635974,1.649304261622733,1.7617369681602073,1.8506469095295865,58.07993400192819,56.299330593667314,58.65672439788277,61.006763309601574,,,,
UGC07524,nfw,31,5,23.049699271787635,0.8865268950687551,40.21963529421336,33.04969927178763,-11.607895853266443,0.7571412133304285,0.6855061970307491,0.7486884623257262,0.8037646375971342,1.913134527724713,1.8699355640598891,1.9154909537041067,1.9642099643088646,-0.33460464169293547,-0.42657525566534005,-0.32880046971440113,-0.22906409000319936,-0.15490194560770507,-0.2627113508449674,-0.15998093512772216,-0.06026274248753911,0.9948322374729586,0.9448816989763339,0.9949990359652368,1.0454972199970731,45.37826977774269,42.89577178831224,45.59802492623191,48.56245991502756,11.112923477371274,11.249589646303926,11.3957466781182,11.242520368365746
UGC07524,lcdm,31,5,23.075143938917115,0.8875055361121967,40.245079961342846,33.075143938917115,-13.614603734118461,0.7992237782772139,0.7476522106072025,0.7965082863688747,0.842411154122607,1.9073908908581059,1.8660691864119578,1.9093528929851369,1.955391951668997,-0.35173364323911105,-0.4394113090820511,-0.3528945375015935,-0.26265894746512813,-0.15490197431276703,-0.2508536194959347,-0.1548918135909401,-0.057910393484494505,0.9801208761489042,0.9277610325581827,0.9789907037220926,1.0310483885589574,44.13490579936737,41.215412040757016,44.22361759855007,47.34903700016043,11.10132434442748,11.231175464147018,11.369292640198598,11.225289457765925
UGC07524,mond,31,3,48.26935009175438,1.7239053604197994,58.57131170520982,54.26935009175438,-29.758113803438025,,,,,,,,,-0.08885369906421067,-0.15696024568487477,-0.09889877533308311,-0.04347139715319282,-0.1549019515085624,-0.2511879037172658,-0.15099764184881712,-0.050928410195406025,0.950225257047235,0.8969529049020032,0.9396599702240979,0.9851999947024276,38.788378240857384,37.87243441697685,39.143650464863235,40.58689096633041,,,,
UGC07559,nfw,7,5,2.130571009160701,1.0652855045803504,11.860121754437266,12.1305710091607,-1.073312437294216,3.6023125066078916e-12,0.10959519750246216,0.35786651674171477,0.6720991807436021,2.161914309431088,1.5536508780643372,1.8477681549229001,2.0649231847685736,-0.31356531978354996,-0.4051638642678739,-0.3091998686701991,-0.21322848791223858,-0.1549019608175669,-0.2568056798710526,-0.15703279070313644,-0.05684903016934561,0.9993648141999865,0.9507281281818412,0.999605209957678,1.0490368070276084,60.95964171993336,57.91992634438824,60.79545806853631,63.70996343092715,10.164069419384617,11.046421249960307,11.697886339497327,11.988859713484871
UGC07559,lcdm,7,5,6.7121791109603945,3.3560895554801973,16.44172985623696,16.712179110960395,-4.261374028428445,1.0399165916700572,0.9179773740531039,1.0346790348663961,1.147139381489588,1.3100989957827682,1.2143966283699472,1.3084423057231,1.4138167265360493,-0.32933346245212525,-0.42426206058213106,-0.3259535941208615,-0.22991676120818408,-0.1549019416765965,-0.2534591483262759,-0.15029300571766863,-0.059029467655638025,0.9898608287784121,0.9443086682472923,0.9914812938241445,1.038794768867281,60.49935229517919,57.573270955906615,60.661254422882706,63.71709855647647,9.146306670301449,9.428443702360907,9.744566964799754,9.433413772539911
UGC07559,mond,7,3,11.148125403544242,2.7870313508860605,16.98585585071018,17.148125403544242,-13.558434984443881,,,,,,,,,-0.4909700155067876,-0.589161840697253,-0.506183626553603,-0.43203656397365736,-0.1549019433062815,-0.26166247335261716,-0.1650945101872524,-0.061271760879634575,0.8993993186570555,0.8653552276346982,0.8967048066995041,0.9383916354176147,52.32524839492663,52.54943167755804,53.76354568262039,55.70514106668958,,,,
UGC07577,nfw,9,5,1.3788139442427871,0.3447034860606968,12.364936830923885,11.378813944242786,-0.6955693367248555,3.986522867563993e-12,0.07792526556409797,0.26283059911388795,0.5032554083461814,1.4142984032956814,1.054726111385405,1.195125007529357,1.4005957055194713,-0.31208044047420413,-0.4079120119077734,-0.31360813897568607,-0.2302038132391851,-0.1549019194833949,-0.251496414713777,-0.15447277999538891,-0.05756082744045442,0.9996043275381075,0.9485328800121167,0.9945711867374933,1.041040929131653,62.97850143314629,59.820818987016885,62.83276964786196,65.72686515027317,8.667295119347822,9.088491807779677,9.704903901750018,9.74601199507865
UGC07577,lcdm,9,5,7.754223986615706,1.9385559966539265,18.740346873296804,17.754223986615706,-6.827494353558938,1.039338099715468,0.8969966572499325,0.9824653875119731,1.0705382232164642,1.0,1.0078749395284228,1.0325268327821795,1.078021779779218,-0.37285211653881756,-0.47541788852711997,-0.38133902735650166,-0.29075828290716926,-0.15490197473483402,-0.25235966624172507,-0.15723203145535086,-0.0581478440102616,0.9772742808705497,0.9280626123133169,0.9800308133297967,1.0282636048216591,60.74827955526604,57.6903471043497,60.43994034556022,63.39005523766193,8.526741603776875,8.600697283538144,8.73718212452926,8.503116785191606
UGC07577,mond,9,3,49.7720268022291,8.295337800371517,56.36370053423776,55.7720268022291,-36.92476455809977,,,,,,,,,-0.5475559974069304,-0.7184131321517787,-0.6395734694063506,-0.5475893362764809,-0.15495597407198983,-0.2683258764231064,-0.16390142487459158,-0.06222377477033894,0.849420890673731,0.8548722121867579,0.8721818084559523,0.9017716812308543,54.00000000000642,54.24355977532238,54.904599490257354,56.22418172491191,,,,
UGC07603,nfw,12,5,14.941316344017645,2.134473763431092,27.365849592957645,24.941316344017643,-7.522394297425709,0.9590159591637257,0.47158036059218994,0.8278715015413918,1.06093185963956,1.823921163633794,1.775047514748941,1.9026714355963354,2.1729135606125682,-0.3263584422671242,-0.39808768450258125,-0.30508996941432587,-0.2161043594170509,-0.15490195783633454,-0.23957642473067786,-0.13844377112935552,-0.04464536326758306,1.0593057877740266,0.8613792532451536,1.1603307255454163,1.4378946596229665,78.04642655014891,74.97555517786682,78.03240614437092,81.0340155417356,10.82825932943843,11.211131091980613,12.02185746702931,10.974880276092989
UGC07603,lcdm,12,5,15.046443669485681,2.1494919527836687,27.470976918425684,25.046443669485683,-7.583527156496901,1.010550752438768,0.898112816311224,1.0027531338491793,1.1048861533442649,1.802103403476937,1.7511545422472756,1.8043454358111486,1.8757535710461437,-0.32894930158499575,-0.4212875012791313,-0.32620220335342603,-0.23628669742399352,-0.15490195620086195,-0.25642520596581286,-0.15670484322089945,-0.05517880341812456,0.9856002952173987,0.8104132009904126,0.988734449694683,1.1802042391765182,78.00159121995324,75.00750218247055,77.92978110196084,80.97348979944015,10.756580411933433,10.916153092625052,11.130377498330038,10.909426995622418
UGC07603,mond,12,3,13.83706613166003,1.53745179240667,21.291786081024032,19.83706613166003,-8.747271375973352,,,,,,,,,-0.4439418197324605,-0.5214395290383237,-0.44617480517614083,-0.36683001470872106,-0.15490196037037912,-0.2514495952510853,-0.15868376009078483,-0.06259117351615284,1.3794028753954093,1.2944261186701216,1.3843321651774092,1.471327352221025,78.37579899418125,75.22848770068104,78.13965758562024,81.06480579555034,,,,
UGC07608,nfw,8,5,2.624668757676421,0.8748895858921403,13.0218764660756,12.624668757676421,-1.3128411515663339,3.458085625883353e-12,0.11643157626159462,0.39067912638212987,0.7367551948533867,2.659837503791584,1.9115285486202678,2.307752343576899,2.6677329373765297,-0.30314072129433267,-0.40012297138367675,-0.3023069164522764,-0.20197420790830417,-0.15490197855364662,-0.2585850290899084,-0.1587296117997127,-0.06851224669794048,1.001686855701966,0.7021260667722862,0.9977654317783015,1.2958062831173618,25.23158919637065,18.02207709994678,26.36713651265964,35.5584621480472,11.23770243105241,12.426373815922304,13.506315597321196,13.482629296566358
UGC07608,lcdm,8,5,3.3530588579437173,1.117686285981239,13.750266566342896,13.353058857943717,-2.170273130664088,0.8626809991836453,0.7058941639796523,0.84709018150642,0.9760532126539253,2.237442220579463,1.9167870744015656,2.226082132531001,2.598501556336471,-0.30262846892980766,-0.4019101918437726,-0.3088699064075844,-0.21305552225262647,-0.1549019610902927,-0.2607864315983193,-0.16223934228195078,-0.05528463447338433,0.8933514076767299,0.6046145485760803,0.8931761437150151,1.1717802079702777,16.392857295035697,12.005035371489482,17.337365828915253,25.843064674154334,11.253478008396304,12.18136318278461,13.298621454201019,12.215443446929996
UGC07608,mond,8,3,2.5387654574268397,0.507753091485368,8.777090082466346,8.53876545742684,-1.332770203284178,,,,,,,,,-0.30112057071132403,-0.3907638170905573,-0.2931600764126034,-0.19956609229183375,-0.15490195602026588,-0.2529788357148421,-0.1504795477007943,-0.04204306495398866,1.043151719349699,0.7808376040526603,1.0360941684474463,1.3072491199130272,28.256285596906437,24.805856309332018,28.351324193145537,33.26475052189074,,,,
UGC07690,nfw,7,5,1.6765981494893658,0.8382990747446829,11.40614889476593,11.676598149489365,-0.8388083966692882,1.4448917421606575,0.4777248477447254,1.1847249293241087,1.5424246817745795,1.475154133573588,1.4179471719011671,1.5211748540051797,1.799577222768402,-0.2983964946476667,-0.36212016966280697,-0.2580400477031289,-0.16651923933400226,-0.1549019584498409,-0.2588206936070426,-0.1510301342681179,-0.055148742877345336,1.0044843797967038,0.8768461859620437,1.14303361166451,1.4316861358128306,41.05027881071355,38.59360787347739,43.36944215777902,47.8998894283508,9.756958300895107,10.066641347207145,10.901848453496811,9.92857918591237
UGC07690,lcdm,7,5,1.898257870151776,0.949128935075888,11.627808615428341,11.898257870151776,-1.40081527811549,1.1571179727154712,1.0407457781347533,1.1558405427184564,1.2635997431739425,1.5083482998101259,1.4036498425198352,1.4959982466279482,1.5896111992091773,-0.2594172845708017,-0.35074909187317593,-0.258521808705823,-0.17067012140400548,-0.15490195747711138,-0.2558751462403709,-0.15735591021281375,-0.05942393911214239,1.1973966545178887,1.020446089262822,1.2338821420613364,1.455853454049011,43.19240802106615,38.97856722136942,43.708630954587505,48.031056466725005,9.714066312751111,9.99111152507545,10.271950382819137,10.028161684621985
UGC07690,mond,7,3,6.0441995622230555,1.5110498905557639,11.881930009388995,12.044199562223056,-3.5171475221673245,,,,,,,,,-0.21969298392701092,-0.30332974916613537,-0.21681791330965755,-0.1332802079901349,-0.15490197529326333,-0.2525244306668813,-0.15465874613079253,-0.05325488103305697,0.852877895197734,0.7130494859175566,0.8841274446325713,1.084066257171662,39.52156077585039,34.62359412196179,38.68227716154007,43.40291068696897,,,,
UGC07866,nfw,7,5,0.21809031413329252,0.10904515706664626,9.947641059409857,10.218090314133292,-0.10912228604336176,0.6898258120719829,0.17223072309734494,0.5332500563858619,0.9467784944300826,1.6310869224520617,1.3944711752871144,1.7678795064846944,2.1336247927929546,-0.2998086812540458,-0.38036528368261396,-0.28464127945306095,-0.1907716237239397,-0.15490197217043083,-0.2525840285920821,-0.15472103946651086,-0.06391361554155889,0.999969533550727,0.9465042819316992,0.9984790875982903,1.053633703868352,43.989125017440784,38.98956053566894,43.82357726641466,48.89597448266956,9.68653031105295,10.806755304645689,11.90399116357047,10.396377552547792
UGC07866,lcdm,7,5,1.3650542254888751,0.6825271127444376,11.09460497076544,11.365054225488874,-0.837706751231752,1.1253939096238252,0.9877384141697158,1.1201282841324858,1.2412953843201069,1.3086294367390345,1.1827051497117291,1.3110954671823976,1.4612177780332476,-0.3081836559031528,-0.40275869781934664,-0.30487096758693166,-0.20566482215627493,-0.1549019619163053,-0.2417741042663201,-0.14507055800407534,-0.04598983450671499,0.9963724216568862,0.9496293054624532,0.9978736907344091,1.0466628692588817,43.083139347913516,37.616373503386214,42.888334821452396,48.01835516340821,9.051232234326793,9.436403186738799,9.886770119291349,9.42900509540871
UGC07866,mond,7,3,1.0966073783540247,0.27415184458850617,6.934337825519965,7.096607378354024,-2.4504437069369436,,,,,,,,,-0.34289767005169036,-0.43691692298907303,-0.34878066365046334,-0.2571319749427117,-0.1549019933731125,-0.2605291283050694,-0.15922829236301794,-0.05629690852886145,0.9808994195575711,0.9260650622084412,0.9779150341446095,1.027317246133876,34.66598396241635,32.32608420250251,34.749753939133996,37.30614664186898,,,,
UGC08286,nfw,17,5,34.31115893197134,2.859263244330945,48.47722565225242,44.31115893197134,-17.808335863504254,1.1731102087462197,1.1271926959336405,1.1722591320047027,1.21096137725718,1.7699363095411376,1.7553515361577592,1.77050106199787,1.7878092659958116,-0.1875613207313026,-0.28917100848316596,-0.18107875699329037,-0.07742129395927133,-0.15490196965494268,-0.25319103583223307,-0.1567736310727474,-0.060431049109844676,1.004334384387883,0.9728255589728101,1.003332081940107,1.034783554802507,89.9999999707193,85.74078550145991,87.98550340156365,89.43359886741605,10.769171393664884,10.814619971185216,10.866544583179042,10.81292571381502
UGC08286,lcdm,17,5,33.66147669489455,2.8051230579078794,47.82754341517563,43.66147669489455,-18.43622746407194,1.1567657520206172,1.1003037809592817,1.1464630676002714,1.1910523271005877,1.7747274111610212,1.7622685643152654,1.7783055423723224,1.796066993347613,-0.15847678211868846,-0.25010760702195833,-0.14604857103466162,-0.04130554699918054,-0.1549019640142864,-0.25294411946763634,-0.1511221561085001,-0.04993721217496927,1.0085589114682303,0.9783363759439586,1.0101673955244526,1.0422131794362575,89.99999885798837,85.7802833745826,87.92206979126384,89.32527040415475,10.789922478137402,10.838033412308572,10.891317765234446,10.827299018674669
UGC08286,mond,17,3,37.11428863870545,2.6510206170503894,45.6139286708741,43.11428863870545,-24.05179100471636,,,,,,,,,0.028111805023518607,-0.0008163132851918399,0.029327806895545604,0.05900898467935493,-0.15490199616777947,-0.25870380547369165,-0.15939194403023604,-0.06270475001848014,0.9872451753402263,0.9597207810616344,0.9883473463844281,1.0165780837235798,89.99999832050398,85.9000975892559,88.09533625047976,89.4550583774927,,,,
UGC08490,nfw,30,5,3.1471412393043616,0.12588564957217446,20.15312814761514,13.14714123930436,-1.573760405674476,1.334832264711209,1.257025585649829,1.3257705605073973,1.3957950554370109,1.7002015276129518,1.6803010834127878,1.7016091728828828,1.724319320235427,-0.30235503806056985,-0.40494680022074797,-0.3013828630762925,-0.20416394274893265,-0.1549019758024125,-0.2451522406069826,-0.14907655846186663,-0.05402850273195798,0.9987105533973384,0.9005960946072151,1.0152754063172624,1.1173769030725653,49.97384440861009,47.22783837115019,50.13336853866835,53.028840373218614,10.54402003542997,10.607944303840256,10.676074745897887,10.603721368030461
UGC08490,lcdm,30,5,3.4538936625410552,0.1381557465016422,20.459880570851833,13.453893662541056,-3.6940649766610445,1.2461510996614926,1.1781877016878106,1.2469841895443732,1.3147081538518073,1.7100776541709577,1.688268815975552,1.7102244531744804,1.733200886168075,-0.2489849052019689,-0.3429103715374697,-0.2473231381983407,-0.15581481628931784,-0.15490196602640643,-0.24804066961077745,-0.13762269181846418,-0.04215024098175349,1.086611479692682,0.9857260478461384,1.0869372075359194,1.1905653824043174,51.46501952595561,48.63147309783832,51.40209849922468,54.2672492962987,10.567923233118261,10.633790144715046,10.70271944369583,10.633349747704479
UGC08490,mond,30,3,8.909152382411971,0.32996860675599893,19.112744527398437,14.909152382411971,-7.217271061404743,,,,,,,,,-0.06912089037607905,-0.11950242045177425,-0.06925341793856671,-0.015811297930826362,-0.1549019633236115,-0.2575406556951114,-0.1529107258871074,-0.05251597785161495,1.0345189276335223,0.9611385504704801,1.0346556098715096,1.1066152221808812,50.70666038837106,48.45463996846997,50.787367434910124,53.20186649068581,,,,
UGC08550,nfw,11,5,6.4238038003251345,1.0706339667208558,18.413280164316987,16.423803800325135,-3.3208412848647284,1.0714143941808316,0.9018589881539861,1.0450504172038757,1.1737373687238297,1.6404214572900184,1.6101342025466754,1.6494781236737825,1.6914788408757206,-0.2645798277305951,-0.35825025277672995,-0.25500740241801195,-0.15475993555734188,-0.15490195980111593,-0.24627122676460908,-0.14199614340749378,-0.0434753761028584,1.0870379863284647,0.8613107996722461,1.1231572982019988,1.3965708124266412,89.99999906107124,85.77828773281519,87.94824763434575,89.40912366554426,10.333519392831631,10.451551156212954,10.57755330781877,10.424381157061662
UGC08550,lcdm,11,5,6.455337264583701,1.0758895440972835,18.444813628575552,16.4553372645837,-3.3227461585564617,1.0775872103953812,0.9722086032268273,1.0597195837331923,1.1536839890399797,1.6389176497702929,1.6135519770844766,1.6421064781180852,1.6780329721022813,-0.26582194948568433,-0.3524406803628357,-0.2522165703408249,-0.15858547338054432,-0.1549019483055108,-0.2489367560930431,-0.14893298506509983,-0.0484007022527638,1.0758206942797766,0.8812762695674339,1.1000619963629885,1.3112942284744373,89.999999368197,85.74331302465825,87.90589880680432,89.32396320336511,10.343772716445036,10.429436219545863,10.53721570149845,10.419869734502484
UGC08550,mond,11,3,12.433562733472955,1.5541953416841194,19.627248551868067,18.433562733472954,-7.641554675368946,,,,,,,,,-0.13307886039763495,-0.2023593256325046,-0.13713268771722525,-0.0735533421116063,-0.1549019546979725,-0.2498249617810706,-0.15429419597760147,-0.05857102598510581,0.9493519532311244,0.9023829935905625,0.9527616406480804,1.0052968685105999,89.99999858469506,86.10067178860515,88.10327165403183,89.43249350886167,,,,
UGC08699,nfw,41,6,25.070408389028927,0.7162973825436836,47.35184078925477,37.07040838902893,-14.384180798263381,0.8055460530649426,0.4438487680944661,0.6929662185659481,0.8760964931062819,2.1672248459352605,2.1392217712815165,2.209893935030964,2.3555994891835774,-0.1349794496638362,-0.20109503015263686,-0.12781657026299587,-0.04846100755417837,-0.23716908186687324,-0.3238255765666738,-0.26565778547120644,-0.20347926423977528,1.119745650464371,1.0282240612665983,1.1650311650695264,1.3309569041326228,74.66509409637081,68.84809620215911,76.04819552385236,83.45082611490892,11.920782099036154,12.132798590284498,12.569915252742339,12.004791322997388
UGC08699,lcdm,41,6,26.178774119795058,0.7479649748512873,48.460206520020904,38.17877411979506,-14.618810873348577,0.8801587474789034,0.7705563791968604,0.8706728983469458,0.9550612667608358,2.1415973213295816,2.112889506057533,2.147732088290482,2.192447579295218,-0.1464744243765583,-0.22283820335517007,-0.14940809136060285,-0.07213712307658421,-0.21333447009468004,-0.27147608422213554,-0.21786371140115707,-0.16168636167871067,1.0791191935112066,0.9738048179546026,1.0904106592339835,1.2348294441839138,74.42012200891875,67.28758460419421,74.90688008180302,82.35113365579488,11.841785303364205,11.946313050063052,12.080459523077261,11.92790874918035
UGC08699,mond,41,4,32.02597126676563,0.8655667909936657,46.88025953358286,40.02597126676563,-16.398315422966874,,,,,,,,,-0.22143946046802418,-0.28976051559664184,-0.22834458839264204,-0.16420715151280862,-0.18653359888871104,-0.21667131542499932,-0.18978311775216755,-0.15956408214102175,1.0449224404468107,0.9677032418427548,1.0618989658317282,1.1847374759735618,73.62463454688553,66.31546411669095,73.30820620703332,81.14971996631337,,,,
UGC08837,nfw,8,5,24.70892490345638,8.236308301152127,35.10613261185556,34.70892490345638,-12.589493333911012,9.303667901146492e-13,0.04591652890893228,0.15245778991657966,0.309074387175597,2.087083260917911,1.8203144181487585,1.9596710341662387,2.07046412888519,-0.35749047562850944,-0.4342978325325681,-0.35099706551262266,-0.25625337122557157,-0.15490195507731647,-0.2592536063666868,-0.1553502440158245,-0.06123319665692773,1.0166838497785544,0.9627941073516211,1.0173371942593528,1.0670857033000067,80.9954063707601,76.30289664693784,81.20841520426231,85.72663059953082,10.964060039637882,11.382129887690322,11.714509171847176,11.76436656794534
UGC08837,lcdm,8,5,37.591034376726256,12.530344792242085,47.988242085125435,47.591034376726256,-26.172013470308727,0.6935786900219885,0.5962809134536394,0.6915713928003727,0.7847745690199411,1.5573579837565312,1.450333041240345,1.5604517947742156,1.661752448023975,-0.3779534708951863,-0.46007337359013417,-0.37407845131053535,-0.28103177555643943,-0.15490196815870536,-0.24725252663634223,-0.155590888580117,-0.05427093252690293,0.9889525348161277,0.9401701854037549,0.9900336717362236,1.0429932427274191,79.94274047122195,75.01789705205444,79.89837301882312,84.67298430633213,9.854115908912641,10.184472169514253,10.488374129263532,10.1751907364612
UGC08837,mond,8,3,15.564707056212107,3.1129414112424216,21.803031681251614,21.564707056212107,-25.37910139912619,,,,,,,,,-0.7156753689617847,-0.8099874720289091,-0.7554373225547923,-0.6989284298328147,-0.15694449167584196,-0.24344308810771223,-0.1460440269887508,-0.04535838247715252,0.8502080444625317,0.8559197741777133,0.8709050427587293,0.8970937946240257,65.00000000139735,65.3150815362247,66.28231646299143,68.20291017808128,,,,
UGC09037,nfw,22,5,34.18990939974844,2.0111711411616726,49.64512166654002,44.18990939974844,-22.375973308457024,0.7170227504458142,0.49457173132833004,0.6686953032897828,0.7864926275721391,2.2474824069880546,2.2122396640225666,2.2755426745813714,2.38555381602241,-0.5903830744783057,-0.6472387571359596,-0.5731097581527199,-0.5033314856214118,-0.15490195009215985,-0.25214888003180636,-0.15578681643065084,-0.0634760035022319,0.8888432363531482,0.8011172426257674,0.8997753408450189,1.0112251086756474,60.086565303997986,55.52418934717235,60.221833749220664,65.14781622772236,12.139835777259306,12.329744808935722,12.659778233258836,12.245564006155771
UGC09037,lcdm,22,5,32.338805007508796,1.9022826475005175,47.79401727430037,42.338805007508796,-23.11568728367118,0.8045699716476,0.7022736050174898,0.7850391933711798,0.8616732991253125,2.221114860982495,2.179770831052393,2.225893797955705,2.2814726108652015,-0.5967729036138361,-0.67038760323975,-0.600433804307945,-0.5341150272669157,-0.15490196380872512,-0.24516551767598949,-0.14596654780120563,-0.04504734491556591,0.8402562809541975,0.7725911063616094,0.8579772136732522,0.9421301013719995,58.341198055171105,54.107481105381694,58.66999948552402,63.46351418452937,12.042429278348786,12.180798179058721,12.347534617787211,12.166461368139093
UGC09037,mond,22,3,37.05497293544914,1.9502617334446917,46.328100295524095,43.05497293544914,-25.7308538918207,,,,,,,,,-0.6743166905984654,-0.7207498171459121,-0.670770306444854,-0.6202638216800053,-0.15490195536434676,-0.26373890970085656,-0.1631581377138639,-0.057035913606394734,0.9472841242251132,0.8766291433175671,0.9396704650566452,1.01406997883676,62.77973446821179,59.29872549417953,63.01598110423222,67.00684925986062,,,,
UGC09133,nfw,68,6,443.17611338570015,7.148001828801616,468.49315961675677,455.17611338570015,-224.14808654696702,0.7297085326658341,0.6774476850538743,0.7305668625791307,0.7804287101198735,2.2441969262158583,2.223095084977062,2.2458644602390208,2.2693805125586866,-0.16988619057128163,-0.22696433513513475,-0.17036861729574482,-0.10654017503855549,-0.32981852199758527,-0.38564784607521796,-0.3278528546074694,-0.2699187999547814,1.0911582062052072,0.9732726131956935,1.1039694280304908,1.2575485382936715,55.18101894391164,50.88585570342111,54.84994391966347,58.936094404262406,12.172402040122792,12.240710165908668,12.311258322867666,12.235707563839181
UGC09133,lcdm,68,6,443.9866600526919,7.161075162140191,469.3037062837485,455.9866600526919,-225.10987455413985,0.7613126774047143,0.7173404674793862,0.7647706825968414,0.8118407181871555,2.243198420197114,2.221579738281326,2.245437793104875,2.274378945352849,-0.14176067863747316,-0.19383893881047765,-0.13714406319771327,-0.07664707417038517,-0.2973501244419828,-0.3463233816627533,-0.293965625624933,-0.23175160873502376,1.0259778536898254,0.8993415839670437,1.0319631967846998,1.1712270779799236,54.73528318650343,49.63114751069551,54.20373915888217,58.88765552071118,12.167856000035584,12.239430164506231,12.326253621250153,12.232712045782948
UGC09133,mond,68,4,472.68645365664656,7.3857258383851025,489.564484477351,480.68645365664656,-250.552042254206,,,,,,,,,0.16753290818055894,0.15256259949357262,0.1669226070320648,0.18315560165625477,-0.003990915881727353,-0.012424832869953748,-0.0040215658160373,0.003860797569930822,0.6596191547694357,0.5572161562383471,0.6579724443369674,0.7411741799765795,46.215894025798534,42.88653522535757,46.321494430227766,51.84846843236326,,,,
UGC09992,nfw,5,5,0.03676012602934556,0.03676012602934556,8.083949688199848,10.036760126029346,-0.01838063598678461,1.3915872695665634,0.25075489435567055,0.8974867649727198,1.4863047527588988,1.2127276601376207,1.116137259263096,1.3431675362853839,1.690944071381025,-0.30113561811257167,-0.3919315936470559,-0.2958113454108403,-0.198829271534634,-0.15490196311186788,-0.2593656353299956,-0.15201521200187415,-0.04875132303866311,1.0000232148828059,0.7759736421981943,1.0633473396609476,1.338460753538953,30.001560318500964,22.604696112172977,30.44538405775087,38.06494108205458,8.851528562980894,9.532619394047758,10.575948999334681,9.141299765604469
UGC09992,lcdm,5,5,0.17240393811791765,0.17240393811791765,8.219593500288418,10.172403938117917,-0.09984714310758858,1.2144069187056878,1.0614261577649984,1.191878817055483,1.3110811954017945,1.2366063701953194,1.0977456728253883,1.2764246862566933,1.5195159945916838,-0.2979251866764229,-0.3997229230218509,-0.29925590180698375,-0.20059958114505,-0.15490196006140763,-0.2463196384272811,-0.14850868318789778,-0.04625783003738838,1.0231503843183245,0.7385261051628338,1.0045325334240183,1.2901555150506852,31.068235388800336,22.209169594475913,29.81025900047341,37.044199687298445,8.79635380366777,9.332390843961686,10.061664768966658,9.212935895777564
UGC09992,mond,5,3,2.470129061231921,1.2350645306159604,7.2984427985342215,8.47012906123192,-1.6778160441707808,,,,,,,,,-0.2902533137507825,-0.3859570361976623,-0.29192382021179186,-0.19450895743459612,-0.15490196414338758,-0.2515285522487039,-0.15024869302949626,-0.052432964381509614,0.9027052880621891,0.5498744361801013,0.8366796356722872,1.154277387794514,21.232396779349713,18.323981185777786,22.001356320968284,27.716817718015655,,,,
UGC10310,nfw,7,5,2.7733657795994175,1.3866828897997088,12.502916524875983,12.773365779599418,-1.404815553816032,1.0002679762114697,0.6228532526100613,0.9313123054039216,1.1259602707124832,1.733434014207882,1.5836380433778559,1.7391608865868888,1.9186542861735756,-0.28413958791340577,-0.3616194136118013,-0.25006312338066927,-0.14691794212800544,-0.15490195979755894,-0.24958065323149817,-0.1540993323791977,-0.053201125346425765,1.01853966570427,0.8006919199991539,1.0850115905092976,1.4110700397942733,34.37870262099447,29.75073124963021,35.94693729050776,42.07887592321351,10.254030915325174,10.720599444952272,11.259079643712333,10.703418827815252
UGC10310,lcdm,7,5,2.833001881323493,1.4165009406617466,12.56255262660006,12.833001881323494,-1.4390655388772677,1.0375104591557478,0.9265995536035366,1.0321349527198913,1.12963316534151,1.7344006781456083,1.594059290505867,1.7187468014061102,1.856133826202593,-0.2877541598364465,-0.37530655070782415,-0.28249428756528383,-0.18782992564580028,-0.15490196224998778,-0.25809418964873154,-0.1599767438214897,-0.05367066874715029,0.9768550028446046,0.7822992847706413,1.0281430819597008,1.3085428078029608,33.774883205345745,28.967730559021952,34.498307265725074,40.10831611249107,10.285294656709208,10.659357189409938,11.071518263799385,10.706318819628432
UGC10310,mond,7,3,7.210710741390486,1.8026776853476214,13.048441188556424,13.210710741390486,-4.201165759437768,,,,,,,,,-0.20477683273250685,-0.2923532683211811,-0.20395078614345613,-0.11445741608788827,-0.15490194268631938,-0.2536507065606028,-0.15537452000827728,-0.05747011455038594,0.8893521038861132,0.7071157749427688,0.9124702843646145,1.1492667728027433,31.824420450841846,27.562835636317818,31.37579502424176,36.00929129434624,,,,
UGC11455,nfw,36,5,167.27095133875505,5.39583713995984,185.1885460310356,177.27095133875505,-83.69155796525375,1.5785940253275097e-11,0.07069140945157404,0.21152437563514048,0.4158625409620219,2.8039600180840156,2.5412328869602585,2.6722758268486837,2.7731174666370317,-0.2750869712425559,-0.3198424410612839,-0.2696992797435641,-0.22197553843038934,-0.15490206830263542,-0.2589323401424973,-0.16239948721098918,-0.05722768697397464,1.0317974073401013,0.8942359816804328,0.9955883712958966,1.1115020594695808,89.9999984769669,88.62889191691941,89.33023216382793,89.81698153197088,13.126815446072381,13.519944265737658,13.822469185102701,13.914996839443653
UGC11455,lcdm,36,5,171.5256793177249,5.533086429604029,189.44327401000544,181.5256793177249,-88.13826136091888,0.6201301501881308,0.5294821296957234,0.6115574792606859,0.6971280720798941,2.4481990710598565,2.4108293999068087,2.4532649967051148,2.502298834544167,-0.25059207664803773,-0.300922367519722,-0.24454656887039156,-0.18907026667668037,-0.15490192139843584,-0.2567225613565971,-0.1558700821395108,-0.05432046123530946,0.8823927018630849,0.7683590613431336,0.8716222715895766,0.9876940651236015,89.99999965232033,88.5073766609838,89.27194751460416,89.78719909389845,12.735604984912033,12.86291177530695,13.010013288824107,12.847713998371177
UGC11455,mond,36,3,162.55066375153422,4.925777689440431,173.30122056690254,168.55066375153422,-81.83444214539473,,,,,,,,,-0.4013476020396002,-0.44663356117069297,-0.40428060965092144,-0.36147807049282527,-0.15490196117713834,-0.25656474810038976,-0.14975007418051278,-0.05109918523330398,1.0502103924545343,0.989736617077912,1.0564214114543855,1.1246809051864624,89.99999993665557,88.65200201500008,89.3667531482991,89.8296121731371,,,,
UGC11557,nfw,12,5,11.07400303877548,1.582000434110783,23.49853628771548,21.07400303877548,-5.81819366724142,1.6381408473496094e-11,0.09942582316803902,0.3201899411663274,0.6097465660749573,2.6218299867211274,1.8864196807079119,2.2811979013045303,2.6034628148702814,-0.3257904022226956,-0.43451760433642406,-0.3327662452576565,-0.2316421672515157,-0.15490193882073117,-0.25808843468212034,-0.16561389154049885,-0.060449283209899424,0.9427202601313174,0.6558427394930281,0.9049585774329658,1.1621772180477108,23.302380834794725,18.847917967173476,25.27618285538276,32.31810180405439,11.162375827315342,12.346710489105197,13.31350522980245,13.368606745354988
UGC11557,lcdm,12,5,11.776568654453843,1.6823669506362633,24.201101903393845,21.776568654453843,-7.061004086304163,0.8286460754190761,0.6550001980958602,0.7939534064184955,0.9197131541024821,2.3183352051667043,2.07346346695348,2.326115854625966,2.6471001010410795,-0.3074901320588133,-0.40216310253284915,-0.3068675086185764,-0.20791718839277384,-0.15490196525413874,-0.25302778397342773,-0.15379918245035243,-0.050695023035500414,0.8891111913092072,0.5593542584665995,0.822299302041591,1.0702109164917568,16.00931279438934,12.93496526861028,17.10575811486249,23.36426241675928,11.723507186052046,12.481464349069505,13.444417088314845,12.45812240069172
UGC11557,mond,12,3,11.623101117822563,1.2914556797580625,19.077821067186562,17.623101117822564,-6.386279398865641,,,,,,,,,-0.34018766922040494,-0.44005899725623315,-0.34122672321186653,-0.24680990583914642,-0.15490196859979377,-0.2567917465026469,-0.16036998037957723,-0.05983689315270098,0.9313807848220595,0.6532475246395938,0.9147098953426837,1.1721396536667272,20.404231177193857,17.910004521260483,20.83278742297225,24.83735312401283,,,,
UGC11820,nfw,10,5,9.023078234960737,1.8046156469921475,20.536003699930966,19.023078234960735,-4.783433959146861,0.7292549625084673,0.5484960334429428,0.7004652057150289,0.8521118649251795,1.9432324502113385,1.8691764929847523,1.9386936084180753,2.0091025074456517,-0.2432688364514244,-0.3376513981750252,-0.2272260977119841,-0.12031500821318761,-0.15490196022726996,-0.25675345373914804,-0.15653617125887975,-0.06452777770980095,0.9119705946222492,0.6760571134005868,0.9145648211986486,1.1859703650432865,41.47789020509909,35.96470305326901,43.333851039051936,51.39351665176022,11.110646264145863,11.319197610445832,11.53042430752856,11.332814135825622
UGC11820,lcdm,10,5,9.327328878452455,1.865465775690491,20.840254343422686,19.327328878452455,-5.848441161970506,0.8918058550637209,0.7882510269562659,0.8723118886484343,0.9696133906050879,1.9577348454223387,1.8990819281232383,1.9740000744030302,2.0538391982873776,-0.27618809782239906,-0.37936953004076807,-0.29102647324510544,-0.1811304000287039,-0.1549019592379479,-0.26580532483335007,-0.17393693947099995,-0.08672886512869063,0.6872804873041929,0.5404919763241006,0.7450549844629225,0.9840284189592979,37.95827736615709,30.360515783474614,36.4106963403635,44.322652839461306,11.200362569561321,11.425117008400697,11.664634380053739,11.376321321458622
UGC11820,mond,10,3,14.06259640297402,2.0089423432820026,20.970351681956156,20.06259640297402,-12.225112314605983,,,,,,,,,0.011160524276783896,-0.040911976075251384,0.006288081243516135,0.05284706038877369,-0.15490196076775997,-0.2469225983745636,-0.15647583160812734,-0.05492151061099897,0.8482994631656229,0.6031099604253404,0.7932105382970724,1.029133650267652,38.7900437631163,34.657822397834714,40.47187298591866,48.026268690353774,,,,
UGC11914,nfw,65,6,49.240848410323196,0.834590651022427,74.28717202969702,61.240848410323196,-26.43357950009602,0.5566572975446274,0.5625233625838759,0.6686304621981749,0.7907112872537001,2.899999999998527,2.6659205580833287,2.791763597081357,2.868366965501059,-0.43485352123478904,-0.5176167315101703,-0.4539808200433964,-0.38996753267337436,-0.02084897609485016,-0.09417642573284614,-0.019488947910903793,0.047382232165788844,0.9898247380389071,0.8150871016642474,1.0178222397075583,1.1846383174759845,31.96539934791774,29.18919966527005,32.21747489800872,34.72471152604308,13.500878459441592,13.878407576435677,14.108217681694784,14.203116785187186
UGC11914,lcdm,65,6,49.45545856491505,0.8382281112697466,74.50178218428887,61.45545856491505,-26.987153280473684,0.6397809166972963,0.6100989873134868,0.7051271405855026,0.8062413279422235,2.839615754318957,2.6452988964805684,2.7623646809827838,2.85786891560758,-0.41648857379032034,-0.5005959088863613,-0.4400926389338467,-0.3669977984976549,0.007761854654266191,-0.06490165111591402,-0.00954324761620182,0.0638066620677041,0.954719604078948,0.7893971704710521,0.9402679188527092,1.1432938717421555,31.447619599126163,29.129779575701207,32.03048262288581,35.66302092400285,13.439013474633311,13.790210828139958,14.076723532014345,14.021964048148478
UGC11914,mond,65,4,106.43472474111894,1.7448315531330973,123.13227382070149,114.43472474111894,-67.12703246251286,,,,,,,,,-0.7224485738366071,-0.7853979759734667,-0.7294468387281757,-0.6710052247327123,-0.37676122872276385,-0.4119852966128586,-0.3797017045539957,-0.34582691618599,1.4729342661937062,1.3185984117659513,1.4980346503278805,1.6950349981916442,39.188085060480915,36.14503528063133,39.081429190617875,42.28671767405854,,,,
UGC12506,nfw,31,5,4.669665655141395,0.17960252519774594,21.839601677567124,14.669665655141394,-2.376520224339833,1.3034497152004034,1.2432371209815032,1.303711181563765,1.3598772379453727,2.1712528186216833,2.155229549237966,2.170055443641715,2.1841373023157105,-0.3283984848126721,-0.39959855777310993,-0.3098948469806418,-0.22440174915822095,-0.15490195022643652,-0.2535087176420062,-0.15004767385918874,-0.05546496993885854,0.9908027560958979,0.8951384928461943,0.9903404682787614,1.0903887656054514,85.96437688100193,81.45588573622629,85.18383535342323,88.18862663061815,11.968805432905505,12.01328311611675,12.055528692138738,12.016875241056656
UGC12506,lcdm,31,5,6.309153628545639,0.24265975494406303,23.479089650971368,16.309153628545637,-7.092127792196153,1.2118915406719517,1.146910591593318,1.2079784003712581,1.2644306748365515,2.1812665722510647,2.1669681002392744,2.1818643398697968,2.1967286328867415,-0.27206745701372664,-0.3659761146426984,-0.2680984771540942,-0.17027381113583628,-0.1549019647981482,-0.2563281952163676,-0.16315810552376592,-0.06394668546530544,1.0801956761299056,0.995273313547586,1.0799762210177473,1.1713034036238261,86.23403592275784,82.08441257801616,85.5107765000874,88.44254269339307,12.004021085909429,12.048709804800996,12.09330268385183,12.0469165019448
UGC12506,mond,31,3,60.60361108830111,2.1644146817250394,70.90557270175654,66.60361108830111,-37.864273558692425,,,,,,,,,0.055610927522340474,-0.005474023361006074,0.05375711428832638,0.10789065343666904,-0.1549019565998087,-0.2523056673256485,-0.15209912290053934,-0.05258400997934302,0.8449672436146018,0.792959970505041,0.8542577220777721,0.9200744473578432,85.41833737362602,80.85066845894217,84.94150364712976,88.16558682409978,,,,
UGC12632,nfw,15,5,4.340798826646442,0.43407988266464426,17.881049832157494,14.340798826646441,-2.1913720307252396,0.9770043384529925,0.8493638084588618,0.9570382351580651,1.0791229396298487,1.75455422901795,1.713445078371221,1.7530555503670922,1.7972720991782698,-0.2935633238201144,-0.38979640151414,-0.2870521428554192,-0.17626596508505327,-0.15490196065992184,-0.2555298084785202,-0.1504610524721829,-0.04973837825696442,0.9455402174136553,0.7140891323788277,0.9895478743308026,1.2809073467564274,45.825237965078486,43.00474940907598,45.78361973722218,48.809236061314934,10.64345202030527,10.762283436292883,10.894933082726416,10.766779472245457
UGC12632,lcdm,15,5,4.255894406212048,0.42558944062120474,17.7961454117231,14.255894406212047,-2.2857536077110727,1.0156884814450833,0.9262219169775159,1.0034250436730363,1.087452956014709,1.752345681034503,1.7131441718098994,1.7522180989290155,1.7952279012189252,-0.2974312540846092,-0.39588470734453696,-0.28789003542206637,-0.18847124841839358,-0.15490197011885043,-0.2509758248183807,-0.148262453678355,-0.04783367429200758,0.8601676366736214,0.68912335532346,0.8981640901676473,1.117018930308309,45.67015161192165,42.6709752569592,45.53809773783433,48.47369619297986,10.642549300621305,10.759771081978652,10.888800488848382,10.760153828295115
UGC12632,mond,15,3,21.46293255757331,1.7885777131311091,29.587083160879942,27.46293255757331,-17.32227837845359,,,,,,,,,0.04584292159009709,-0.03200898459984847,0.044212708490542985,0.11312872613602074,-0.15490195628333198,-0.25375518972611105,-0.15498271829175936,-0.05339788115801881,0.6871842284528656,0.6225863685600042,0.702289212677015,0.7931741534177171,45.255803872982725,41.87643090039933,44.811612459441854,47.92981733771147,,,,
UGC12732,nfw,16,5,2.5722395302725705,0.2338399572975064,16.435183141471477,12.57223953027257,-1.3673583246266747,0.8257220111495553,0.6983727857955048,0.8176270159903948,0.9379638603965337,1.8688559628362962,1.804939688130931,1.875580453845758,1.9486615137900998,-0.2919968105091263,-0.3801680815653419,-0.28324067330237845,-0.18035641241201544,-0.15490195696083514,-0.2633396170080601,-0.15178740862857087,-0.04891921229222246,1.0893744494769284,0.8210085566551195,1.1015469248687246,1.3869841820359416,40.55688402236687,35.01425043466005,40.232733174086675,46.40374429271859,10.9179358495844,11.129858146728882,11.349101326561906,11.109684673700496
UGC12732,lcdm,16,5,3.3370372666520596,0.30336702424109635,17.199980877850965,13.33703726665206,-2.0065396127813404,0.9273849246866259,0.8261277806892219,0.9064446622295639,0.9970319581261808,1.8859512590705303,1.813985716593393,1.878743726486901,1.9500064869304954,-0.3047822168353879,-0.4037504964613893,-0.3045210044432759,-0.199426995776227,-0.15490196380760363,-0.24309055420647524,-0.14955380925526854,-0.057306809543630634,0.8880972138376516,0.6896326278640281,0.9111395822625439,1.1856890030927567,38.364556590390166,33.767833404126094,39.29343751118535,45.09412082113421,10.945073934971786,11.139347964652309,11.353136245983093,11.160970562403197
UGC12732,mond,16,3,6.414903418779108,0.49345410913685445,14.732669585498451,12.414903418779108,-8.801383854237748,,,,,,,,,0.02822423636223572,-0.027793933841251155,0.026234620458449702,0.08152763824426197,-0.15490196622271302,-0.24964113479576014,-0.15265611253867617,-0.055148188493242295,0.8602470903371884,0.7092054868922723,0.8752936998720886,1.100951426020804,36.80087008328325,31.91401709046903,36.41336452367018,41.323208708984446,,,,
UGCA281,nfw,7,5,2.619209662067877,1.3096048310339385,12.348760407344443,12.619209662067878,-1.337895155175136,0.7114191036158224,0.15382522072018395,0.5164124035261393,0.8954548655420815,1.8407980424890455,1.61000908854618,2.045010557873387,2.411108602226037,-0.27890180294527733,-0.3784441588085309,-0.2748475714748428,-0.17855488257464489,-0.15490193792500861,-0.2560672726580467,-0.1509028722022925,-0.04698973484042242,1.0032023203540685,0.9561486894815262,1.0023015287013401,1.04639138119958,67.17479935117754,64.61130537591698,67.63144349343779,70.54772088329595,10.333144050830146,11.638148458811767,12.736442591869718,11.025510912658742
UGCA281,lcdm,7,5,3.591501231203179,1.7957506156015894,13.321051976479744,13.591501231203178,-2.0705247947356145,1.0535176389650727,0.9030052221158823,1.0192054192141013,1.134054086702836,1.467072944689317,1.3695721487706016,1.4972320036072388,1.6375946144386617,-0.30214287043620447,-0.3977697137639478,-0.2947721793117265,-0.20104545282852201,-0.15490196216709878,-0.26052897913552947,-0.16322769882715993,-0.06965009358340504,0.9953720385840084,0.9501861441461,0.9980092212957082,1.0449688125364918,66.83255464830671,63.73564529007777,66.87391959675,69.9226895764694,9.611833231503411,9.994812796013322,10.415900628507591,9.904335619259557
UGCA281,mond,7,3,1.8915106623359967,0.4728776655839992,7.729241109501936,7.891510662335997,-2.4781617822930926,,,,,,,,,-0.4328741197274424,-0.5025287323880249,-0.43400123475146984,-0.36853433442274447,-0.15490196745152332,-0.2592281941390858,-0.15392614110609137,-0.05503568451163847,0.9591987797983191,0.9176244977924588,0.9629344627118144,1.0099115367312297,64.59724855766248,61.79004151458483,64.50875912831009,67.29241041066365,,,,
UGCA442,nfw,8,5,11.576051258786109,3.858683752928703,21.973258967185288,21.57605125878611,-5.955588876839792,0.6252339623019645,0.35734662976471737,0.5646311640635069,0.6923513314514018,1.8771454976886164,1.8393668233439586,1.9203316043653504,2.067778836997535,-0.2979361791588517,-0.38171686965025853,-0.2858031734927433,-0.18719566290786588,-0.1549019440598649,-0.2560385888894282,-0.15487843652719455,-0.05541795484844139,1.0129978132079693,0.9653043388878613,1.0171117902552318,1.068393494485241,67.62461585717186,62.61664263076635,69.1817341473755,75.41607352396859,11.021217255223483,11.264111598287657,11.706453296184211,11.134553278257457
UGCA442,lcdm,8,5,14.194886744752392,4.731628914917464,24.59209445315157,24.19488674475239,-9.805649483084503,0.7800653909964455,0.6955495916400392,0.7659441314028267,0.8339704576694276,1.8167319531189652,1.7814902913663877,1.829303264901074,1.8816766001134102,-0.3119641904322056,-0.40530875746796513,-0.30508647101725117,-0.21138939314446317,-0.15490194176779232,-0.2560335138655951,-0.1577500673711026,-0.05814558907360947,0.9850323035089602,0.940538403358075,0.989341136672913,1.0376163871691035,60.65974793464471,54.33457427873249,61.031126179389496,67.84379717362873,10.84758765929077,10.991026579894829,11.148146585531837,10.953312644548502
UGCA442,mond,8,3,35.40164927516649,7.080329855033298,41.639973900206,41.40164927516649,-17.80314724746605,,,,,,,,,-0.3456535997789825,-0.44415582678856635,-0.35082654938001784,-0.2554788334122982,-0.15490195829604544,-0.24645599546628846,-0.15301474511139118,-0.05367983857188155,1.0014924345499416,0.9482021235785333,0.9978482890826669,1.045360066643731,64.4772236678021,61.826105090240986,64.80646098055547,68.34152412182223,,,,
UGCA444,nfw,36,5,2.0426291266468,0.06589126214989677,19.96022381892735,12.0426291266468,-1.0213657265999463,1.0147361490047682e-12,0.09912100812428647,0.3230375862497033,0.5938520428295646,2.3475901240553068,1.8170266652663347,2.0876910611154025,2.2764227996209856,-0.3019911776841583,-0.4075407546372761,-0.3035607211892767,-0.20381310385271714,-0.1549019649630165,-0.25599203305706214,-0.15874102436130533,-0.06505597484172898,1.000123437210167,0.9494329573674375,0.9996301405400282,1.0482400436549708,78.00808565900437,73.83829346494845,77.81446872527926,81.87844764304651,10.95419678099061,11.766189968537814,12.332385184054562,12.545887157357527
UGCA444,lcdm,36,5,6.543719080720067,0.2110877122812925,24.461313773000615,16.543719080720066,-5.66799334472372,0.8736038146357623,0.7575251251104809,0.8597461753985339,0.95406036106899,1.5465817757243643,1.470469905492876,1.5588654880760529,1.665345924636929,-0.30505059198490114,-0.40441821144912926,-0.3018664719225775,-0.2034552329252437,-0.1549019629557442,-0.25061723100160777,-0.15603414830850934,-0.05794482367789741,0.9807120260858637,0.9345099776593667,0.9852039928654053,1.031221632791874,77.34910454229868,73.48167142350133,77.39523992227325,81.43477456326276,9.914526501670235,10.179713249419764,10.499154559102394,10.1428621123647
UGCA444,mond,36,3,11.842365670607522,0.35885956577598555,22.592922485975855,17.84236567060752,-12.717718440240152,,,,,,,,,-0.30375222243847727,-0.40291360758554284,-0.3064482245128038,-0.21833754083059886,-0.15490196700889083,-0.25307851349680505,-0.1542833376370892,-0.05335321624390249,0.8649108793126246,0.8551166843050854,0.8733776859014721,0.9004924372313987,67.73801795055851,66.69684655315926,68.39634173218738,70.86812400984849,,,,
